Song List,Play Link,Album Name,Developed By:
Bole Jeko Sada Shiv,http://santnenuram.org/Aashram/Bhajans/Parbirham/Bhagwanti%202009/Bolle_Jeko_Sada_Shiv~_Dileep~2009.mp3,Hal Pandhehra,Dr Neel Kanth
Hal Pandhehra,http://santnenuram.org/Aashram/Bhajans/Parbirham/Bhagwanti%202009/Hal_Pandehra~_Bhagwanti~2009.mp3,Hal Pandhehra,Dr Neel Kanth
Rakh Toun Paro Saan Piya,http://santnenuram.org/Aashram/Bhajans/Parbirham/Bhagwanti%202009/Rakh_Toun_Parru_Saan~_Bhagwanti~2009.mp3,Hal Pandhehra,Dr Neel Kanth
Jatehra Pandhehra,http://santnenuram.org/Aashram/Bhajans/Parbirham/Bhagwanti%202009/Jatehra_Pandehra~_Bhagwanti~2009.mp3,Hal Pandhehra,Dr Neel Kanth
Jehn Khe Bhi Sik,http://santnenuram.org/Aashram/Bhajans/Parbirham/Bhagwanti%202009/Jehn_Khe_B_Sik~_Bhagwanti~2009.mp3,Hal Pandhehra,Dr Neel Kanth
Kadehn Eiden,http://santnenuram.org/Aashram/Bhajans/Parbirham/Bhagwanti%202009/Kadehn_Endin_Kadehn_Deedin~_Bhagwanti~2009.mp3,Hal Pandhehra,Dr Neel Kanth
Khush Hujan Jiyan Sada,http://santnenuram.org/Aashram/Bhajans/Parbirham/Bhagwanti%202009/Khush_Hujan~_Bhagwanti~2009.mp3,Hal Pandhehra,Dr Neel Kanth
Rugho Dada Dada,http://santnenuram.org/Aashram/Bhajans/Parbirham/Bhagwanti%202009/Rgho_Dada_Dada~_Bhagwanti~2009.mp3,Hal Pandhehra,Dr Neel Kanth
Sacho Ahe Sain,http://santnenuram.org/Aashram/Bhajans/Parbirham/Bhagwanti%202009/Sacho_Aahe_Sain~_Bhagwanti~2009.mp3,Hal Pandhehra,Dr Neel Kanth
Vas Kakerera Vas,http://santnenuram.org/Aashram/Bhajans/Parbirham/Bhagwanti%202009/Was_Kakrera_Was~_Bhagwanti~2009.mp3,Hal Pandhehra,Dr Neel Kanth
Moon Tuhinje Darr Aa	http://santnenuram.org/Aashram/Bhajans/Daatar/7_Moon%20Tuhinje%20Dar%20Aa%20~%20EshwarLal%20~Daatar.mp3	Daatar	Dr Neel Kanth
Tuhinja Ahiyoon	http://santnenuram.org/Aashram/Bhajans/Daatar/8_Tuhinjha%20Ahiyon%20~%20EshwarLal%20~%20Daatar.mp3	Daatar	Dr Neel Kanth
Huje Khair Sada	http://santnenuram.org/Aashram/Bhajans/Daatar/13_Huje%20Khair%20Sada%20~%20EshwarLal%20~%20Daatar.mp3	Daatar	Dr Neel Kanth
Jeevay Sant NenuRam ~ MuneshSharma	http://santnenuram.org/Aashram/Bhajans/JaiSantNenuRam/02~Jeevay_Sant_NenuRam~MuneshSharma.mp3	Jai Sant NenuRam	Dr Neel Kanth
Sundar Sundar Duwaro ~ DrGul	http://santnenuram.org/Aashram/Bhajans/JaiSantNenuRam/03~Sunder_Sunder_Duwaro_Tuhinjo~DrGul.mp3	Jai Sant NenuRam	Dr Neel Kanth
De Sain De ~ MuneshSharma	http://santnenuram.org/Aashram/Bhajans/JaiSantNenuRam/04~De_Sain_De~MuneshSharma.mp3	Jai Sant NenuRam	Dr Neel Kanth
Maa Bhagwan Jo Roop Aa ~ MuneshSharma	http://santnenuram.org/Aashram/Bhajans/JaiSantNenuRam/06~Maa_Bhagwan_Jo_Roop~MuneshSharma.mp3	Jai Sant NenuRam	Dr Neel Kanth
Laaghi Laaghi Laghan ~ MuneshSharma	http://santnenuram.org/Aashram/Bhajans/JaiSantNenuRam/08~Laagi_Laagi_Lagan~MuneshSharma.mp3	Jai Sant NenuRam	Dr Neel Kanth
Verhijhap Je Sikdri  ~ MuneshSharma	http://santnenuram.org/Aashram/Bhajans/JaiSantNenuRam/10~Verhijhap_Je_Sikadi~MuneshSharma.mp3	Jai Sant NenuRam	Dr Neel Kanth
Jatiyara Ach Toun	http://santnenuram.org/sadashiv/Bhajans/01.jatera_ach_to(FakeerParbirham.com).mp3	Sada Shiv	Dr Neel Kanth
Sada Shiv Bol	http://santnenuram.org/sadashiv/Bhajans/01.sadashiv_bol_sadashiv(FakeerParbirham.com).mp3	Sada Shiv	Dr Neel Kanth
Jaati Sab	http://santnenuram.org/sadashiv/Bhajans/01_Jati_Sab.mp3	Sada Shiv	Dr Neel Kanth
Rasta Gullan Saan	http://santnenuram.org/sadashiv/Bhajans/02..RASTA GULAN SAAN .GOBIND SAGAR.mp3	Sada Shiv	Dr Neel Kanth
Jehn Je Naale	http://santnenuram.org/sadashiv/Bhajans/02.jeh_j_nale(FakeerParbirham.com).mp3	Sada Shiv	Dr Neel Kanth
Muhinji Jholi Main	http://santnenuram.org/sadashiv/Bhajans/02.mohje_jhooli_main(FakeerParbirham.com).mp3	Sada Shiv	Dr Neel Kanth
Darshan Darshan	http://santnenuram.org/sadashiv/Bhajans/02_Darshan_Darshan.mp3	Sada Shiv	Dr Neel Kanth
Aahin Naathan jo Nath	http://santnenuram.org/sadashiv/Bhajans/03.ahiyan_nathan_jo_nath(FakeerParbirham.com).mp3	Sada Shiv	Dr Neel Kanth
Avhaan Je Darr	http://santnenuram.org/sadashiv/Bhajans/03.awhan_je_dar(FakeerParbirham.com).mp3	Sada Shiv	Dr Neel Kanth
Bollo Dade Ki Jay	http://santnenuram.org/sadashiv/Bhajans/03.BOLOO DADAY KE JAY.mp3	Sada Shiv	Dr Neel Kanth
Halo Re Halo	http://santnenuram.org/sadashiv/Bhajans/03_Haalo_Re_Haalo(Marwari).mp3	Sada Shiv	Dr Neel Kanth
Chhariyon Seenghare	http://santnenuram.org/sadashiv/Bhajans/04..CHARIYOUN SENGARY.mp3	Sada Shiv	Dr Neel Kanth
Dor Khan Ayas Tuhinje	http://santnenuram.org/sadashiv/Bhajans/04.dor_kha_ayas_tohje(FakeerParbirham.com).mp3	Sada Shiv	Dr Neel Kanth
Piyara Pandhiyara	http://santnenuram.org/sadashiv/Bhajans/04.pyara_pandhera(FakeerParbirham.com).mp3	Sada Shiv	Dr Neel Kanth
Jaghe Jott Noorani	http://santnenuram.org/sadashiv/Bhajans/04_Jaghe_Jot_Noorani~(FakeerParbirham.com).mp3	Sada Shiv	Dr Neel Kanth
Karo Mal	http://santnenuram.org/sadashiv/Bhajans/04_KaroMal.mp3	Sada Shiv	Dr Neel Kanth
Parbirham Ka Mella	http://santnenuram.org/sadashiv/Bhajans/05..PAR BHRAM KA MELA.mp3	Sada Shiv	Dr Neel Kanth
Dada Jotiyan Wara	http://santnenuram.org/sadashiv/Bhajans/05.dada_jotiyan_wara(FakeerParbirham.com).mp3	Sada Shiv	Dr Neel Kanth
Parbirham Tou Khe	http://santnenuram.org/sadashiv/Bhajans/05.parbirham_to_khe(FakeerParbirham.com).mp3	Sada Shiv	Dr Neel Kanth
05_Hali_Karyo	http://santnenuram.org/sadashiv/Bhajans//05_Hali_Karyo.mp3	Sada Shiv	Dr Neel Kanth
Pathar Ja Manoon	http://santnenuram.org/sadashiv/Bhajans/06..PATHAR JA MANOON.GOBIND SAGAR.mp3	Sada Shiv	Dr Neel Kanth
Dade Je Pirh Main	http://santnenuram.org/sadashiv/Bhajans/06.dade_j_pir_main(FakeerParbirham.com).mp3	Sada Shiv	Dr Neel Kanth
Muhinje Dade Je	http://santnenuram.org/sadashiv/Bhajans/06.muhje_dade_g(FakeerParbirham.com).mp3	Sada Shiv	Dr Neel Kanth
Aa Chalo Piyare	http://santnenuram.org/sadashiv/Bhajans/06_Aa_Chalo_Piyare.mp3	Sada Shiv	Dr Neel Kanth
Guzariam Bazar Main	http://santnenuram.org/sadashiv/Bhajans/07..GUZRAIM BAZAR MAAN.mp3	Sada Shiv	Dr Neel Kanth
Halo Ta Chhariyan	http://santnenuram.org/sadashiv/Bhajans/07.halo_ta_charhiyan(FakeerParbirham.com).mp3	Sada Shiv	Dr Neel Kanth
Toun Paan Sakhi	http://santnenuram.org/sadashiv/Bhajans/07.tu_pan_sakhi(FakeerParbirham.com).mp3	Sada Shiv	Dr Neel Kanth
Halli Aa	http://santnenuram.org/sadashiv/Bhajans/07_Hali_Aa.mp3	Sada Shiv	Dr Neel Kanth
Muhinja Parbirham	http://santnenuram.org/sadashiv/Bhajans/07_Muhinja_Parbirham(FakeerParbirham.com).mp3	Sada Shiv	Dr Neel Kanth
Ajh Ta Pirh Payo Wassay	http://santnenuram.org/sadashiv/Bhajans/08..JH TA PIR PAYO .GOBIND SAGAR.mp3	Sada Shiv	Dr Neel Kanth
Fakeer Je Melle Main	http://santnenuram.org/sadashiv/Bhajans/Fakeer Je Melle Main.mp3	Sada Shiv	Dr Neel Kanth
Dade Ja Jatihara	http://santnenuram.org/SadaShiv/Bhajans/Dade Ja Jatihara.mp3	Sada Shiv	Dr Neel Kanth
Dade Je Pirh Main Aya Jaati	http://santnenuram.org/SadaShiv/Bhajans/Dade Je Pirh Main Aya Jaati.mp3	Sada Shiv	Dr Neel Kanth
Mithi Maa Tuhinjo Qadar	http://santnenuram.org/SadaShiv/Bhajans/Mithi Maa Tuhinjo Qadar.mp3	Sada Shiv	Dr Neel Kanth
Maan Parbirham Jo Jati Ahyan	http://santnenuram.org/SadaShiv/Bhajans/Maan Parbirham Jo Jati Ahyan.mp3	Sada Shiv	Dr Neel Kanth
Meri Maan Sheraanwali	http://santnenuram.org/SadaShiv/Bhajans/Meri Maan Sheraanwali.mp3	Sada Shiv	Dr Neel Kanth
Bittan Te Morr Nachya	http://santnenuram.org/SadaShiv/Bhajans/Bittan Te Morr Nachya.mp3	Sada Shiv	Dr Neel Kanth
Verhijhap Main Aa	http://santnenuram.org/SadaShiv/Bhajans/Verhijhap Main Aa.mp3	Sada Shiv	Dr Neel Kanth
Sik Mounkhe Fakeer Je Laghi	http://santnenuram.org/SadaShiv/Bhajans/Sik Mounkhe Fakeer Je Laghi.mp3	Sada Shiv	Dr Neel Kanth
Deevan Jo De Ahin	http://santnenuram.org/SadaShiv/Bhajans/Deevan Jo De Ahin.mp3	Sada Shiv	Dr Neel Kanth
Soni Sejh Sajhayan Maan	http://santnenuram.org/SadaShiv/Bhajans/Soni Sejh Sajhayan Maan.mp3	Sada Shiv	Dr Neel Kanth
Dukh The Tho Keso	http://santnenuram.org/SadaShiv/Bhajans/Dukh The Tho Keso.mp3	Sada Shiv	Dr Neel Kanth
Pirh Payo Wassay Sada	http://santnenuram.org/SadaShiv/Bhajans/Pirh Payo Wassay Sada.mp3	Sada Shiv	Dr Neel Kanth
Tuhinjoon Chharyon Seengharyo	http://santnenuram.org/SadaShiv/Bhajans/Tuhinjoon Chharyon Seengharyo.mp3	Sada Shiv	Dr Neel Kanth
Muhinjha Sacha Sain Parbirham	http://santnenuram.org/SadaShiv/Bhajans/Muhinjha Sacha Sain Parbirham.mp3	Sada Shiv	Dr Neel Kanth
Oonchi Oonchi Gaadhi Teri	http://santnenuram.org/SadaShiv/Bhajans/Oonchi Oonchi Gaadhi Teri.mp3	Sada Shiv	Dr Neel Kanth
Darshan De Data Jaar wara	http://santnenuram.org/SadaShiv/Bhajans/Darshan De Data Jaar wara.mp3	Sada Shiv	Dr Neel Kanth
Verhijhap Ghaanv Aa	http://santnenuram.org/SadaShiv/Bhajans/Verhijhap Ghaanv Aa.mp3	Sada Shiv	Dr Neel Kanth
Jott Jaghe Dade Je	http://santnenuram.org/SadaShiv/Bhajans/Jott Jaghe Dade Je.mp3	Sada Shiv	Dr Neel Kanth
Jott Jagha Dada Jott Jagha	http://santnenuram.org/SadaShiv/Bhajans/Jott Jagha Dada Jott Jagha.mp3	Sada Shiv	Dr Neel Kanth
Melo Ayo Aa	http://santnenuram.org/SadaShiv/Bhajans/01..MELOO AHYOO AHA.mp3	Sada Shiv	Dr Neel Kanth
