Bhajans Title,Play Link,Album Name,Developed By,Album Art
Ayo Melo NenuRam Jo,https://sharmaje.github.io/SantRadio/Ayo Melo NenuRam Jo.mp3,Tuhinjee Darr Ja Dewana,Dr. Neel Kanth,https://sharmaje.github.io/SantRadio/Album Art/Tuhinjhe Darr Ja Deewana.jpg
Jeay Jeay Sain NenuRam,https://sharmaje.github.io/SantRadio/Jeay Jeay Sain NenuRam.mp3,Tuhinjee Darr Ja Dewana,Dr. Neel Kanth,https://sharmaje.github.io/SantRadio/Album Art/Tuhinjhe Darr Ja Deewana.jpg
Jeke Jai Jaikar Kan NenuRam,https://sharmaje.github.io/SantRadio/Jeke Jai Jaikar Kan NenuRam Je.mp3,Tuhinjee Darr Ja Dewana,Dr. Neel Kanth,https://sharmaje.github.io/SantRadio/Album Art/Tuhinjhe Darr Ja Deewana.jpg
Kar Mehar Moun Te Mehrwan,https://sharmaje.github.io/SantRadio/Kar Mehar Moun Te Mehrwan.mp3,Tuhinjee Darr Ja Dewana,Dr. Neel Kanth,https://sharmaje.github.io/SantRadio/Album Art/Tuhinjhe Darr Ja Deewana.jpg
Main Ne Jab Jab Tujhe Pukara,https://sharmaje.github.io/SantRadio/Main Ne Jab Jab Tujhe Pukara.mp3,Tuhinjee Darr Ja Dewana,Dr. Neel Kanth,https://sharmaje.github.io/SantRadio/Album Art/Tuhinjhe Darr Ja Deewana.jpg
NenuRam Jo Naalo Piyaro,https://sharmaje.github.io/SantRadio/NenuRam Jo Naalo Piyaro.mp3,Tuhinjee Darr Ja Dewana,Dr. Neel Kanth,https://sharmaje.github.io/SantRadio/Album Art/Tuhinjhe Darr Ja Deewana.jpg
NenuRam Sant Sacho Sain,https://sharmaje.github.io/SantRadio/NenuRam Sant Sacho Sain.mp3,Tuhinjee Darr Ja Dewana,Dr. Neel Kanth,https://sharmaje.github.io/SantRadio/Album Art/Tuhinjhe Darr Ja Deewana.jpg
NenuRam Tuhinja Ahiyon,https://sharmaje.github.io/SantRadio/NenuRam Tuhinja Ahiyon Baana.mp3,Tuhinjee Darr Ja Dewana,Dr. Neel Kanth,https://sharmaje.github.io/SantRadio/Album Art/Tuhinjhe Darr Ja Deewana.jpg
NenuRam Tuhinjee Darr Ja,https://sharmaje.github.io/SantRadio/NenuRam Tuhinjee Darr Ja Dewana.mp3,Tuhinjee Darr Ja Dewana,Dr. Neel Kanth,https://sharmaje.github.io/SantRadio/Album Art/Tuhinjhe Darr Ja Deewana.jpg
Sant Je Ochi Gaadhi Aa,https://sharmaje.github.io/SantRadio/Sant Je Ochi Gaadhi Aa.mp3,Tuhinjee Darr Ja Dewana,Dr. Neel Kanth,https://sharmaje.github.io/SantRadio/Album Art/Tuhinjhe Darr Ja Deewana.jpg
Sant Sachara Godhrivara,https://sharmaje.github.io/SantRadio/Sant Sachara Godhri Wara.mp3,Tuhinjee Darr Ja Dewana,Dr. Neel Kanth,https://sharmaje.github.io/SantRadio/Album Art/Tuhinjhe Darr Ja Deewana.jpg
Santan Main Mahaan Aa,https://sharmaje.github.io/SantRadio/Santan Main Mahaan Aa.mp3,Tuhinjee Darr Ja Dewana,Dr. Neel Kanth,https://sharmaje.github.io/SantRadio/Album Art/Tuhinjhe Darr Ja Deewana.jpg
Thar Ain Bhar Main Har,https://sharmaje.github.io/SantRadio/Thar Ain Bhar Main Har Ghar Main.mp3,Tuhinjee Darr Ja Dewana,Dr. Neel Kanth,https://sharmaje.github.io/SantRadio/Album Art/Tuhinjhe Darr Ja Deewana.jpg
Tuhinji Dhooni Je Ehri,https://sharmaje.github.io/SantRadio/Tuhinji Dhooni Je Ehri Khak Aa.mp3,Tuhinjee Darr Ja Dewana,Dr. Neel Kanth,https://sharmaje.github.io/SantRadio/Album Art/Tuhinjhe Darr Ja Deewana.jpg
Bajh kajaan NenuRam,https://sharmaje.github.io/SantRadio/Bajh kajaan NenuRam ~RameshRahi.mp3,Sunn Sadrha Nenu Ram,Dr. Neel Kanth,https://sharmaje.github.io/SantRadio/Album Art/Sunn Sadra NenuRam.jpg
Muhinje Dehri Ware,https://sharmaje.github.io/SantRadio/10_Muhinje Dehri Ware ~ EshwarLal ~ Daatar.mp3,Daatar,Dr. Neel Kanth,https://sharmaje.github.io/SantRadio/Album Art/Daatar.jpg
Amar Aa Duniya Main,https://sharmaje.github.io/SantRadio/11_Amar Aa Duniya Main ~ EshwarLal ~ Daatar.mp3,Daatar,Dr. Neel Kanth,https://sharmaje.github.io/SantRadio/Album Art/Daatar.jpg
Jape Dis Jape,https://sharmaje.github.io/SantRadio/12_Jape Dis Jape ~DrGul ~ Daatar.mp3,Daatar,Dr. Neel Kanth,https://sharmaje.github.io/SantRadio/Album Art/Daatar.jpg
Huje Khair Sada,https://sharmaje.github.io/SantRadio/13_Huje Khair Sada ~ EshwarLal ~ Daatar.mp3,Daatar,Dr. Neel Kanth,https://sharmaje.github.io/SantRadio/Album Art/Daatar.jpg
Hal Sant Je Duwar,https://sharmaje.github.io/SantRadio/14_Hal Sant Je Duwar ~ EshwarLal ~ Daatar.mp3,Daatar,Dr. Neel Kanth,https://sharmaje.github.io/SantRadio/Album Art/Daatar.jpg
Chandi Je Moorat,https://sharmaje.github.io/SantRadio/15_Chandi Je Moorat ~ DrGul ~ Daatar.mp3,Daatar,Dr. Neel Kanth,https://sharmaje.github.io/SantRadio/Album Art/Daatar.jpg
Melo Ayo NenuRam Jo,https://sharmaje.github.io/SantRadio/1_Melo Ayo NenuRam Jo ~ EshwarLal ~Daatar.mp3,Daatar,Dr. Neel Kanth,https://sharmaje.github.io/SantRadio/Album Art/Daatar.jpg
Sant NenuRam Hazran,https://sharmaje.github.io/SantRadio/2_Sant NenuRam Hazran ~ EshwarLal ~ Daatar.mp3,Daatar,Dr. Neel Kanth,https://sharmaje.github.io/SantRadio/Album Art/Daatar.jpg
Sant NenuRam,https://sharmaje.github.io/SantRadio/3_Sant NenuRam ~ DrGul ~ Daatar.mp3,Daatar,Dr. Neel Kanth,https://sharmaje.github.io/SantRadio/Album Art/Daatar.jpg
Ayas Maan Tuhinje Duware,https://sharmaje.github.io/SantRadio/4_Ayas Maan Tuhinje Duware ~ EshwarLal ~ Daatar.mp3,Daatar,Dr. Neel Kanth,https://sharmaje.github.io/SantRadio/Album Art/Daatar.jpg
Jehnkhe Sant Saan Aa Piyar,https://sharmaje.github.io/SantRadio/5_Jehnkhe Sant Saan Aa Piyar ~ EshwarLal ~ Daatar.mp3,Daatar,Dr. Neel Kanth,https://sharmaje.github.io/SantRadio/Album Art/Daatar.jpg
Jehnje Dhooni Maan,https://sharmaje.github.io/SantRadio/6_Jehnje Dhooni Maan ~ DrGul ~ Daatar.mp3,Daatar,Dr. Neel Kanth,https://sharmaje.github.io/SantRadio/Album Art/Daatar.jpg
Moon Tuhinje Dar,https://sharmaje.github.io/SantRadio/7_Moon Tuhinje Dar Aa ~ EshwarLal ~Daatar.mp3,Daatar,Dr. Neel Kanth,https://sharmaje.github.io/SantRadio/Album Art/Daatar.jpg
Tuhinjha Ahiyon,https://sharmaje.github.io/SantRadio/8_Tuhinjha Ahiyon ~ EshwarLal ~ Daatar.mp3,Daatar,Dr. Neel Kanth,https://sharmaje.github.io/SantRadio/Album Art/Daatar.jpg
Godhri Wara Sant,https://sharmaje.github.io/SantRadio/9_Godhri Wara Sant ~ DrGul ~ Daatar.mp3,Daatar,Dr. Neel Kanth,https://sharmaje.github.io/SantRadio/Album Art/Daatar.jpg
Sant Aa Sacharo,https://sharmaje.github.io/SantRadio/Sant Aa Sacharo ~RameshRahi.mp3,Sunn Sadrha Nenu Ram,Dr. Neel Kanth,https://sharmaje.github.io/SantRadio/Album Art/Sunn Sadra NenuRam.jpg
Sant Sacho NenuRam Aa,https://sharmaje.github.io/SantRadio/Sant Sacho NenuRam Aa ~RameshRahi.mp3,Sunn Sadrha Nenu Ram,Dr. Neel Kanth,https://sharmaje.github.io/SantRadio/Album Art/Sunn Sadra NenuRam.jpg
Sunn NenuRam Pukaar,https://sharmaje.github.io/SantRadio/Sunn NenuRam Pukaar ~RameshRahi.mp3,Sunn Sadrha Nenu Ram,Dr. Neel Kanth,https://sharmaje.github.io/SantRadio/Album Art/Sunn Sadra NenuRam.jpg
Sunn Sadrha NenuRam,https://sharmaje.github.io/SantRadio/Sunn Sadrha NenuRam ~RameshRahi.mp3,Sunn Sadrha Nenu Ram,Dr. Neel Kanth,https://sharmaje.github.io/SantRadio/Album Art/Sunn Sadra NenuRam.jpg
Thar Sindh Khan Premi,https://sharmaje.github.io/SantRadio/01_Thar_Sindh_Khan_Premi~Sharma_Je_Links.mp3,Sant Sachara,Dr. Neel Kanth,https://sharmaje.github.io/SantRadio/Album Art/Sant NenuRam Sachara.jpg
Aahe Swarg Jehro Duar,https://sharmaje.github.io/SantRadio/02_Aahe_Swarg_Jehro_Duar~Sharma_Je_Links.mp3,Sant Sachara,Dr. Neel Kanth,https://sharmaje.github.io/SantRadio/Album Art/Sant NenuRam Sachara.jpg
Sant Sachara Jee Ja Jyara,https://sharmaje.github.io/SantRadio/03_Sant_Sachara_Jee_Ja_Jiyara~Sharma_Je_Links.mp3,Sant Sachara,Dr. Neel Kanth,https://sharmaje.github.io/SantRadio/Album Art/Sant NenuRam Sachara.jpg
NenuRam Aahe Sant Sadachari,https://sharmaje.github.io/SantRadio/04_NenuRam_Aahe_Sant_Sadachari~Sharma_Je_Links.mp3,Sant Sachara,Dr. Neel Kanth,https://sharmaje.github.io/SantRadio/Album Art/Sant NenuRam Sachara.jpg
Tuhinje Darr Te Hali Aauas,https://sharmaje.github.io/SantRadio/05_Tuhinje_Darr_Te_Hali_Aauas~Sharma_Je_Links.mp3,Sant Sachara,Dr. Neel Kanth,https://sharmaje.github.io/SantRadio/Album Art/Sant NenuRam Sachara.jpg
Sigho Wari Aa NenuRam,https://sharmaje.github.io/SantRadio/06_Sigho_Wari_Aa_NenuRam~Sharma_Je_Links.mp3,Sant Sachara,Dr. Neel Kanth,https://sharmaje.github.io/SantRadio/Album Art/Sant NenuRam Sachara.jpg
Sant NenuRam Je Ajab Darbar,https://sharmaje.github.io/SantRadio/07_Sant_NenuRam_Je_Ajab_Darbar~Sharma_Je_Links.mp3,Sant Sachara,Dr. Neel Kanth,https://sharmaje.github.io/SantRadio/Album Art/Sant NenuRam Sachara.jpg
Sant Sachara Preetam Pyara,https://sharmaje.github.io/SantRadio/08_Sant_Sachara_Preetam_Piyara~Sharma_Je_Links.mp3,Sant Sachara,Dr. Neel Kanth,https://sharmaje.github.io/SantRadio/Album Art/Sant NenuRam Sachara.jpg
Om Jai Sant NenuRam,https://sharmaje.github.io/SantRadio/01_Om_Jai_Sant_NenuRam.mp3,Sant Jo Deedar,Dr. Neel Kanth,https://sharmaje.github.io/SantRadio/Album Art/Sant Jo Deedar.jpg
MaanTa Rasta,https://sharmaje.github.io/SantRadio/02_Maan_Ta_Rasta.mp3,Sant Jo Deedar,Dr. Neel Kanth,https://sharmaje.github.io/SantRadio/Album Art/Sant Jo Deedar.jpg
Bhare Jo Per,https://sharmaje.github.io/SantRadio/03_Bhare_Jo_Per.mp3,Sant Jo Deedar,Dr. Neel Kanth,https://sharmaje.github.io/SantRadio/Album Art/Sant Jo Deedar.jpg
Melo Melo Sain,https://sharmaje.github.io/SantRadio/04_Melo_Melo_Sain.mp3,Sant Jo Deedar,Dr. Neel Kanth,https://sharmaje.github.io/SantRadio/Album Art/Sant Jo Deedar.jpg
Tuhinjo Deedar Khapy,https://sharmaje.github.io/SantRadio/05_Tuhinjo_Deedar_Khapy.mp3,Sant Jo Deedar,Dr. Neel Kanth,https://sharmaje.github.io/SantRadio/Album Art/Sant Jo Deedar.jpg
Sain Paan he Ram,https://sharmaje.github.io/SantRadio/06_Sain_Paan_he_Ram.mp3,Sant Jo Deedar,Dr. Neel Kanth,https://sharmaje.github.io/SantRadio/Album Art/Sant Jo Deedar.jpg
Jeay NenuRam Sain,https://sharmaje.github.io/SantRadio/07_Jeay_NenuRam_Sain.mp3,Sant Jo Deedar,Dr. Neel Kanth,https://sharmaje.github.io/SantRadio/Album Art/Sant Jo Deedar.jpg
Jenh Jo Chehro Chand,https://sharmaje.github.io/SantRadio/08_Jenh_Jo_Chehro_Chand_Missal.mp3,Sant Jo Deedar,Dr. Neel Kanth,https://sharmaje.github.io/SantRadio/Album Art/Sant Jo Deedar.jpg
Ajj Ta Muhinjo Ram Ayo,https://sharmaje.github.io/SantRadio/09_Ajj_Ta_Muhinjo_Ram_Ayo.mp3,Sant Jo Deedar,Dr. NeelKanth,https://sharmaje.github.io/SantRadio/Album Art/Sant Jo Deedar.jpg
Santan Ja Sant,https://sharmaje.github.io/SantRadio/10_Santan_Ja_Sant.mp3,Sant Jo Deedar,Dr. NeelKanth,https://sharmaje.github.io/SantRadio/Album Art/Sant Jo Deedar.jpg
Dhol Shehnayoon Wajayo,https://sharmaje.github.io/SantRadio/11_Dhol_Shehnayoon_Wajayo.mp3,Sant Jo Deedar,Dr. NeelKanth,https://sharmaje.github.io/SantRadio/Album Art/Sant Jo Deedar.jpg
Aahe Moun Khay,https://sharmaje.github.io/SantRadio/12_Aahe_Moun_Khay.mp3,Sant Jo Deedar,Dr. NeelKanth,https://sharmaje.github.io/SantRadio/Album Art/Sant Jo Deedar.jpg
Acho piyara ghumi disso OLD,https://sharmaje.github.io/SantRadio/Acho piyara ghumi disso OLD.mp3,Sant Old,Dr. NeelKanth,https://sharmaje.github.io/SantRadio/Album Art/Sant Jo Deedar.jpg
Hitan Ta Halyo Vahen OLD,https://sharmaje.github.io/SantRadio/hitan ta halyo wahen OLD.mp3,Sant Old,Dr. Neel Kanth,https://sharmaje.github.io/SantRadio/
Sache Sant ja Bol OLD,https://sharmaje.github.io/SantRadio/sache sant ja bol OLD.mp3,Sant Old,Dr. Neel Kanth,https://sharmaje.github.io/SantRadio/
Sant Sacho Toukhe OLD,https://sharmaje.github.io/SantRadio/sant sacho tou khe OLD.mp3,Sant Old,Dr. Neel Kanth,https://sharmaje.github.io/SantRadio/
Sant NenuRam Pahinjo Varo OLD,https://sharmaje.github.io/SantRadio/santnenuram pahinjo waro wajahe wahen OLD.mp3,Sant Old,Dr. Neel Kanth,https://sharmaje.github.io/SantRadio/
Aarti Sant Sache Ki,https://sharmaje.github.io/SantRadio/01_Aarti Sant Sache Ki ~ DrGul.mp3,Sada Shiv ~ Gul,Dr. Neel Kanth,https://sharmaje.github.io/SantRadio/Album Art/Sada-Shiv.jpg
Halo Halo Premi Swarg,https://sharmaje.github.io/SantRadio/02_Halo Halo Premi Swarg Dham ~ DrGul.mp3,Sada Shiv ~ Gul,Dr. Neel Kanth,https://sharmaje.github.io/SantRadio/Album Art/Sada-Shiv.jpg
He Kaljug Jo Ram Aahe,https://sharmaje.github.io/SantRadio/03_He Kaljug Jo Ram Aahe ~ DrGul.mp3,Sada Shiv ~ Gul,Dr. Neel Kanth,https://sharmaje.github.io/SantRadio/Album Art/Sada-Shiv.jpg
Sant Sacho NenuRam,https://sharmaje.github.io/SantRadio/04_Sant Sacho Sant Sacho NenuRam  ~ DrGul.mp3,Sada Shiv ~ Gul,Dr. Neel Kanth,https://sharmaje.github.io/SantRadio/Album Art/Sada-Shiv.jpg
NenuRam Tuhinjo Naalo,https://sharmaje.github.io/SantRadio/05_NenuRam Tuhinjo Naalo ~ DrGul.mp3,Sada Shiv ~ Gul,Dr. Neel Kanth,https://sharmaje.github.io/SantRadio/Album Art/Sada-Shiv.jpg
Japoon Naam NenuRam,https://sharmaje.github.io/SantRadio/06_Japoon Naam NenuRam ~ DrGul.mp3,Sada Shiv ~ Gul,Dr. Neel Kanth,https://sharmaje.github.io/SantRadio/Album Art/Sada-Shiv.jpg
NenuRam Sacho Sain,https://sharmaje.github.io/SantRadio/07_NenuRam Sacho Sain ~ DrGul.mp3,Sada Shiv ~ Gul,Dr. Neel Kanth,https://sharmaje.github.io/SantRadio/Album Art/Sada-Shiv.jpg
Gadhi Tuhinje Aahe,https://sharmaje.github.io/SantRadio/08_Gadhi Tuhinje Aahe Balwan ~ DrGul.mp3,Sada Shiv ~ Gul,Dr. Neel Kanth,https://sharmaje.github.io/SantRadio/Album Art/Sada-Shiv.jpg
Muhinje Hirde Main,https://sharmaje.github.io/SantRadio/09_Muhinje Hirde Main Sain NenuRam ~ DrGul.mp3,Sada Shiv ~ Gul,Dr. Neel Kanth,https://sharmaje.github.io/SantRadio/Album Art/Sada-Shiv.jpg
Sacho Sant NenuRam,https://sharmaje.github.io/SantRadio/10_Sacho Sant NenuRam Muhinje Dil ~DrGul.mp3,Sada Shiv ~ Gul,Dr. Neel Kanth,https://sharmaje.github.io/SantRadio/Album Art/Sada-Shiv.jpg
Bhagat Bhali Kajo,https://sharmaje.github.io/SantRadio/01_Bhagat_Bhali_Kajo~Basarmal.mp3,"Sacho Sant  ""Sant Old'",Dr. Neel Kanth,https://sharmaje.github.io/SantRadio/
Sache Sant ja Bol,https://sharmaje.github.io/SantRadio/02_Sache_Sant_ja_Bol~Basarmal.mp3,"Sacho Sant  ""Sant Old'",Dr. Neel Kanth,https://sharmaje.github.io/SantRadio/
Acho Piyara Ghumi Disso,https://sharmaje.github.io/SantRadio/03_Acho_Piyara_Ghumi_Disso~Basarmal.mp3,"Sacho Sant  ""Sant Old'",Dr. Neel Kanth,https://sharmaje.github.io/SantRadio/
Hekar Hit Wari Aa,https://sharmaje.github.io/SantRadio/04_Hekar_Hit_Wari_Aa~Basarmal.mp3,"Sacho Sant  ""Sant Old'",Dr. Neel Kanth,https://sharmaje.github.io/SantRadio/
Mello Bharyo Bharpur NenuRam,https://sharmaje.github.io/SantRadio/05_Mello_Bharyo_Bharpur_Nenu_Ram~Basarmal.mp3,"Sacho Sant  ""Sant Old'",Dr. Neel Kanth,https://sharmaje.github.io/SantRadio/
Sant Nenu Ram Pahinjo Waro,https://sharmaje.github.io/SantRadio/06_Sant_Nenu_Ram_Pahinjo_Waro~Basarmal.mp3,"Sacho Sant  ""Sant Old'",Dr. Neel Kanth,https://sharmaje.github.io/SantRadio/
Data Samajhe Darr Te Ayas,https://sharmaje.github.io/SantRadio/Data Samajhe Darr Te Ayas.mp3,Sant NenuRam Sachara,Dr. Neel Kanth,https://sharmaje.github.io/SantRadio/Album Art/Sant NenuRam Sachara.jpg
Hal Salamkot Ghaam Jite,https://sharmaje.github.io/SantRadio/Hal Salamkot Ghaam Jite Ahe Sant NenuRam.mp3,Sant NenuRam Sachara,Dr. Neel Kanth,https://sharmaje.github.io/SantRadio/Album Art/Sant NenuRam Sachara.jpg
Jiye Jiye Sant NenuRam,https://sharmaje.github.io/SantRadio/Jiye Jiye Jiye Sant NenuRam.mp3,Sant NenuRam Sachara,Dr. Neel Kanth,https://sharmaje.github.io/SantRadio/Album Art/Sant NenuRam Sachara.jpg
NenuRam Tou Te Nanghro,https://sharmaje.github.io/SantRadio/NenuRam Tou Te Nanghro.mp3,Sant NenuRam Sachara,Dr. Neel Kanth,https://sharmaje.github.io/SantRadio/Album Art/Sant NenuRam Sachara.jpg
Nirmal Nazaro Aa Darr,https://sharmaje.github.io/SantRadio/Nirmal Nazaro Aa Darr Sant Jo Pyaro Aa.mp3,Sant NenuRam Sachara,Dr. Neel Kanth,https://sharmaje.github.io/SantRadio/Album Art/Sant NenuRam Sachara.jpg
Oo Sant NenuRam Piyara,https://sharmaje.github.io/SantRadio/Oo Sant NenuRam Piyara.mp3,Sant NenuRam Sachara,Dr. Neel Kanth,https://sharmaje.github.io/SantRadio/Album Art/Sant NenuRam Sachara.jpg
Qurban Vanjhan Tou Taan,https://sharmaje.github.io/SantRadio/Qurban Vanjhan Tou Taan.mp3,Sant NenuRam Sachara,Dr. Neel Kanth,https://sharmaje.github.io/SantRadio/Album Art/Sant NenuRam Sachara.jpg
Sant NenuRam Darr Bhaag,https://sharmaje.github.io/SantRadio/Sant NenuRam Darr Bhaag Tho Khule.mp3,Sant NenuRam Sachara,Dr. Neel Kanth,https://sharmaje.github.io/SantRadio/Album Art/Sant NenuRam Sachara.jpg
Tuhinjo Huje Sath Kenhje,https://sharmaje.github.io/SantRadio/Tuhinjo Huje Sath Kenhje Parvah Nahe.mp3,Sant NenuRam Sachara,Dr. Neel Kanth,https://sharmaje.github.io/SantRadio/Album Art/Sant NenuRam Sachara.jpg
Ahiyan Pakhali Parbirham,https://sharmaje.github.io/SantRadio/Ahiyan Pakhali Parbirham Jo ~ Ramesh Rahi.mp3,Verhijhap Main Har Dard Je Dava Aa,Dr. Neel Kanth,https://sharmaje.github.io/SantRadio/Album Art/Verhijhap Main Har Dard Je Dava Aa.jpg
Deendo Aa Jhol Bhare,https://sharmaje.github.io/SantRadio/Deendo Aa Jhol Bhare ~ Ramesh Rahi.mp3,Verhijhap Main Har Dard Je Dava Aa,Dr. Neel Kanth,https://sharmaje.github.io/SantRadio/Album Art/Verhijhap Main Har Dard Je Dava Aa.jpg
Jai Jai Rama Bai Sahab,https://sharmaje.github.io/SantRadio/Jai Jai Rama Bai Sahab.mp3,Verhijhap Main Har Dard Je Dava Aa,Dr. Neel Kanth,https://sharmaje.github.io/SantRadio/Album Art/Verhijhap Main Har Dard Je Dava Aa.jpg
Jott Jite Jaghe Thi,https://sharmaje.github.io/SantRadio/Jott Jite Jaghe Thi.mp3,Verhijhap Main Har Dard Je Dava Aa,Dr. Neel Kanth,https://sharmaje.github.io/SantRadio/Album Art/Verhijhap Main Har Dard Je Dava Aa.jpg
Muhinji Mithri Mata Mehar,https://sharmaje.github.io/SantRadio/Muhinji Mithri Mata Mehar Kare.mp3,Verhijhap Main Har Dard Je Dava Aa,Dr. Neel Kanth,https://sharmaje.github.io/SantRadio/Album Art/Verhijhap Main Har Dard Je Dava Aa.jpg
NenuRam Tou Te Nanghro,https://sharmaje.github.io/SantRadio/NenuRam Tou Te Nanghro.mp3,Verhijhap Main Har Dard Je Dava Aa,Dr. Neel Kanth,https://sharmaje.github.io/SantRadio/Album Art/Verhijhap Main Har Dard Je Dava Aa.jpg
Nirmal Nazaro Aa Dar Sant,https://sharmaje.github.io/SantRadio/Nirmal Nazaro Aa Dar Sant Jo.mp3,Verhijhap Main Har Dard Je Dava Aa,Dr. Neel Kanth,https://sharmaje.github.io/SantRadio/Album Art/Verhijhap Main Har Dard Je Dava Aa.jpg
Pandhi Verhjhap Te,https://sharmaje.github.io/SantRadio/Pandhi Verhjhap Te.mp3,Verhijhap Main Har Dard Je Dava Aa,Dr. Neel Kanth,https://sharmaje.github.io/SantRadio/Album Art/Verhijhap Main Har Dard Je Dava Aa.jpg
Vehrijhap Je Darr Te Har,https://sharmaje.github.io/SantRadio/Vehrijhap Je Darr Te Har Dard Je Dava.mp3,Verhijhap Main Har Dard Je Dava Aa,Dr. Neel Kanth,https://sharmaje.github.io/SantRadio/Album Art/Verhijhap Main Har Dard Je Dava Aa.jpg
Vehrijhap Je Vasti Jatiyan,https://sharmaje.github.io/SantRadio/Vehrijhap Je Vasti Jatiyan Je Zindagi.mp3,Verhijhap Main Har Dard Je Dava Aa,Dr. Neel Kanth,https://sharmaje.github.io/SantRadio/Album Art/Verhijhap Main Har Dard Je Dava Aa.jpg
Toukhe Ardas Kayan Sant,https://sharmaje.github.io/SantRadio/Toukhe Ardas Kayan Sant NenuRam Sada.mp3,NenuRam Sabajha Sakhi,Dr. Neel Kanth,https://sharmaje.github.io/SantRadio/SantRadio/Album Art/NenuRam Sabajha Sakhi.jpg
Tasveer Ditham Ehri Jehro,https://sharmaje.github.io/SantRadio/Tasveer Ditham Ehri Jehro Ram Vetho Aahe.mp3,NenuRam Sabajha Sakhi,Dr. Neel Kanth,https://sharmaje.github.io/SantRadio/SantRadio/Album Art/NenuRam Sabajha Sakhi.jpg
Suhino NenuRam Jo Duwaro Athai,https://sharmaje.github.io/SantRadio/Suhino NenuRam Jo Duwaro Athai.mp3,NenuRam Sabajha Sakhi,Dr. Neel Kanth,https://sharmaje.github.io/SantRadio/SantRadio/Album Art/NenuRam Sabajha Sakhi.jpg
Santan Jo Sartaj NenuRam,https://sharmaje.github.io/SantRadio/Santan Jo Sartaj NenuRam.mp3,NenuRam Sabajha SakhiDr. Neel Kanth,https://sharmaje.github.io/SantRadio/SantRadio/Album Art/NenuRam Sabajha Sakhi.jpg
Sajayan Ajj Maan Aashram Khe,https://sharmaje.github.io/SantRadio/Sajayan Ajj Maan Aashram Khe.mp3,NenuRam Sabajha SakhiDr. Neel Kanth,https://sharmaje.github.io/SantRadio/SantRadio/Album Art/NenuRam Sabajha Sakhi.jpg
Sain NenuRam Ach Tuhinje,https://sharmaje.github.io/SantRadio/Sain NenuRam Ach Tuhinje Duwar.mp3,NenuRam Sabajha Sakhi,Dr. Neel Kanth,https://sharmaje.github.io/SantRadio/SantRadio/Album Art/NenuRam Sabajha Sakhi.jpg
Sadh Muhinja Sunni NenuRam,https://sharmaje.github.io/SantRadio/Sadh Muhinja Sunni NenuRam Halyo Achjan.mp3,NenuRam Sabajha SakhiDr. Neel Kanth,https://sharmaje.github.io/SantRadio/SantRadio/Album Art/NenuRam Sabajha Sakhi.jpg
NenuRam Toukhe Piyo Saaryan,https://sharmaje.github.io/SantRadio/NenuRam Toukhe Piyo Saaryan.mp3,NenuRam Sabajha Sakhi,Dr. Neel Kanth,https://sharmaje.github.io/SantRadio/SantRadio/Album Art/NenuRam Sabajha Sakhi.jpg
NenuRam Sain Tuhinja Wachan,https://sharmaje.github.io/SantRadio/NenuRam Sain Tuhinja Wachan Yaad Aya.mp3,Rano Sindhi,Dr. Neel Kanth,https://sharmaje.github.io/SantRadio/SantRadio/Album Art/NenuRam Sabajha Sakhi.jpg
NenuRam Sain Muhinja Ahen,https://sharmaje.github.io/SantRadio/NenuRam Sain Muhinja Ahen Dayavaan.mp3,NenuRam Sabajha Sakhi,Dr. Neel Kanth,https://sharmaje.github.io/SantRadio/SantRadio/Album Art/NenuRam Sabajha Sakhi.jpg
NenuRam Sacha Sain Muhinji,https://sharmaje.github.io/SantRadio/NenuRam Sacha Sain Muhinji Saar.mp3,NenuRam Sabajha Sakhi,Dr. Neel Kanth,https://sharmaje.github.io/SantRadio/SantRadio/Album Art/NenuRam Sabajha Sakhi.jpg
NenuRam Sabhaja Sakhi,https://sharmaje.github.io/SantRadio/NenuRam Sabhaja Sakhi.mp3,NenuRam Sabajha SakhiDr. Neel Kanth,https://sharmaje.github.io/SantRadio/SantRadio/Album Art/NenuRam Sabajha Sakhi.jpg
Kadehn Sain NenuRam Je Khayal,https://sharmaje.github.io/SantRadio/Kadhn Kadehn Sain NenuRam Je Khayal Main.mp3,NenuRam Sabajha Sakhi,Dr. Neel Kanth,https://sharmaje.github.io/SantRadio/SantRadio/Album Art/NenuRam Sabajha Sakhi.jpg
Har Kehn Hirdhe Main,https://sharmaje.github.io/SantRadio/Har Kehn Hirdhe Main.mp3,NenuRam Sabajha Sakhi,Dr. Neel Kanth,https://sharmaje.github.io/SantRadio/SantRadio/Album Art/NenuRam Sabajha Sakhi.jpg
Har Dil Main Wassay NenuRam,https://sharmaje.github.io/SantRadio/Har Dil Main Wassay NenuRam.mp3,NenuRam Sabajha Sakhi,Dr. Neel Kanth,https://sharmaje.github.io/SantRadio/SantRadio/Album Art/NenuRam Sabajha Sakhi.jpg
Halo Sant NenuRam Ke Dhaam,https://sharmaje.github.io/SantRadio/Halo Halo Sant NenuRam Ke Dhaam.mp3,NenuRam Sabajha Sakhi,Dr. Neel Kanth,https://sharmaje.github.io/SantRadio/SantRadio/Album Art/NenuRam Sabajha Sakhi.jpg
Dil Chavndi Aa NenuRam,https://sharmaje.github.io/SantRadio/Dil Chavndi Aa NenuRam Sakhi Jo Darshan Kayan.mp3,NenuRam Sabajha Sakhi,Dr. Neel Kanth,https://sharmaje.github.io/SantRadio/SantRadio/Album Art/NenuRam Sabajha Sakhi.jpg
Ajj Taran Main Aa Hull,https://sharmaje.github.io/SantRadio/Ajj Taran Mai. Aa Hull NenuRam.mp3,NenuRam Sabajha Sakhi,Dr. Neel Kanth,https://sharmaje.github.io/SantRadio/SantRadio/Album Art/NenuRam Sabajha Sakhi.jpg
Ajj Bhaag Bharyo Mounkhe,https://sharmaje.github.io/SantRadio/Ajj Bhaag Bharyo Mounkhe He Duwar Milyo Aa.mp3,NenuRam Sabajha Sakhi,Dr. Neel Kanth,https://sharmaje.github.io/SantRadio/SantRadio/Album Art/NenuRam Sabajha Sakhi.jpg
Ahe Hin Nagri Khe Parnam,https://sharmaje.github.io/SantRadio/Ahe Hin Nagri Khe Parnam.mp3,Rano Sindhi,Dr. Neel Kanth,https://sharmaje.github.io/SantRadio/Album Art/NenuRam Sabajha Sakhi.jpg
Nain Vichhayan Rahun Te,https://sharmaje.github.io/SantRadio/10~Nain_Vichhayan_Rahun_Te~Dileep.mp3,Melo Ayo Sache Sant Jo,Dr. Neel Kanth,https://sharmaje.github.io/SantRadio/
Melo Aayo Sache Sant Jo,https://sharmaje.github.io/SantRadio/1~Melo_Aayo_Sache_Sant_Jo~Eshwar.mp3,Melo Ayo Sache Sant Jo,Dr. Neel Kanth,https://sharmaje.github.io/SantRadio/
Aahe Sant Sacharo NenuRam,https://sharmaje.github.io/SantRadio/2~Aahe_Sant_Sacharo_NenuRam~Dileep.mp3,Melo Ayo Sache Sant Jo,Dr. Neel Kanth,https://sharmaje.github.io/SantRadio/
Sant NenuRam Hai Ajab,https://sharmaje.github.io/SantRadio/3~Sant_NenuRam_Hai_Ajab~Eshwar.mp3,Melo Ayo Sache Sant Jo,Dr. Neel Kanth,https://sharmaje.github.io/SantRadio/
Do Akhshar Ka Naam,https://sharmaje.github.io/SantRadio/4~Do_Akhshar_Ka_Naam~Dileep.mp3,Melo Ayo Sache Sant Jo,Dr. Neel Kanth,https://sharmaje.github.io/SantRadio/
Tuhinje Jaat Je Tolli,https://sharmaje.github.io/SantRadio/,5~Tuhinje_Jaat_Je_Tolli~Eshwar.mp3,Melo Ayo Sache Sant Jo,Dr. Neel Kanth,https://sharmaje.github.io/SantRadio/
Bani Paan Yogi,https://sharmaje.github.io/SantRadio/6~Bani_Paan Yogi~Dileep.mp3,Melo Ayo Sache Sant Jo,Dr. Neel Kanth,https://sharmaje.github.io/SantRadio/
Aahe Sakhi sarkar,https://sharmaje.github.io/SantRadio/7~Aahe_Sakhi_sarkar~Eshwar.mp3,Melo Ayo Sache Sant Jo,Dr. Neel Kanth,https://sharmaje.github.io/SantRadio/
Kar Shewa Sain NenuRam Je,https://sharmaje.github.io/SantRadio/8~Kar_Shewa_Sain_NenuRam_Je~Dileep.mp3,Melo Ayo Sache Sant Jo,Dr. Neel Kanth,https://sharmaje.github.io/SantRadio/
Jai Jai Mata Ki,https://sharmaje.github.io/SantRadio/9~Jai_Jai_Mata_Ke~Eshwar.mp3,Melo Ayo Sache Sant Jo,Dr. Neel Kanth,https://sharmaje.github.io/SantRadio/
Aavi NenuRam Re Palki,https://sharmaje.github.io/SantRadio/01_Aavi_NenuRam_Re_Palki ~ Eshwar.mp3,Mella Naseeban Ja,Dr. Neel Kanth,https://sharmaje.github.io/SantRadio/Album Art/mella naseeban ja.jpg
Mella Naseeban Ja,https://sharmaje.github.io/SantRadio/02_Mella_Naseeban_Ja ~ Eshwar.mp3,Mella Naseeban Ja,Dr. Neel Kanth,https://sharmaje.github.io/SantRadio/Album Art/mella naseeban ja.jpg
Rasta Bhale Sajayo,https://sharmaje.github.io/SantRadio/03_Rasta_Bhale_Sajayo ~ Eshwar.mp3,Mella Naseeban Ja,Dr. Neel Kanth,https://sharmaje.github.io/SantRadio/Album Art/mella naseeban ja.jpg
Moun Te Sant Sache Joon,https://sharmaje.github.io/SantRadio/04_Moun_Te_Sant_Sache_Joon ~ Eshwar.mp3,Mella Naseeban Ja,Dr. Neel Kanth,https://sharmaje.github.io/SantRadio/Album Art/mella naseeban ja.jpg
Jai Jai NenuRam,https://sharmaje.github.io/SantRadio/05_Jai_Jai_NenuRam ~ Eshwar.mp3,Mella Naseeban Ja,Dr. Neel Kanth,https://sharmaje.github.io/SantRadio/Album Art/mella naseeban ja.jpg
Paato Aa Sant Sacho,https://sharmaje.github.io/SantRadio/06_Paato_Aa_Paato_Sant_Sacho ~ Kundan.mp3,Mella Naseeban Ja,Dr. Neel Kanth,https://sharmaje.github.io/SantRadio/Album Art/mella naseeban ja.jpg
Zabardast Zabardast Aa,https://sharmaje.github.io/SantRadio/07_Zabardast_Zabardast_Aa ~ Eshwar.mp3,Mella Naseeban Ja,Dr. Neel Kanth,https://sharmaje.github.io/SantRadio/Album Art/mella naseeban ja.jpg
Ahiyan Merro Mandho,https://sharmaje.github.io/SantRadio/08_Ahiyan_Merro_Mandho ~ Eshwar.mp3,Mella Naseeban Ja,Dr. Neel Kanth,https://sharmaje.github.io/SantRadio/Album Art/mella naseeban ja.jpg
TuhinjaAhiyon Tuhinja Sain,https://sharmaje.github.io/SantRadio/09_Tuhinja_Ahiyon_Tuhinja_Sain ~_Kundan.mp3,Mella Naseeban Ja,Dr. Neel Kanth,https://sharmaje.github.io/SantRadio/Album Art/mella naseeban ja.jpg
Mella He Mella,https://sharmaje.github.io/SantRadio/10_Mella_He_Mella ~ Eshwar.mp3,Mella Naseeban Ja,Dr. Neel Kanth,https://sharmaje.github.io/SantRadio/Album Art/mella naseeban ja.jpg
Dade Darshan Main,https://sharmaje.github.io/SantRadio/11_Dade_Darshan_Main ~ Eshwar.mp3,Mella Naseeban Ja,Dr. Neel Kanth,https://sharmaje.github.io/SantRadio/Album Art/mella naseeban ja.jpg
Kujh Soch Siyana,https://sharmaje.github.io/SantRadio/12_Kujh_Soch_Siyana ~_Eshwar.mp3,Mella Naseeban Ja,Dr. Neel Kanth,https://sharmaje.github.io/SantRadio/Album Art/mella naseeban ja.jpg
Khushyan Bharyo Aa Bhandar,https://sharmaje.github.io/SantRadio/13_Khushyan_Bharyo_Aa_Bhandar ~ Eshwar.mp3,Mella Naseeban Ja,Dr. Neel Kanth,https://sharmaje.github.io/SantRadio/
Santan Main Sant Mahan,https://sharmaje.github.io/SantRadio/1_Santan Main Sant Mahan Sain NenuRam ~ Eshwarlal.mp3,Man Ram Jap Toon,Dr. Neel Kanth,https://sharmaje.github.io/SantRadio/
Sain Tuhinje Wanjhan Kha,https://sharmaje.github.io/SantRadio/2_Sain Tuhinje Wanjhan Kha Poe ~ Raju.mp3,Man Ram Jap Toon,Dr. Neel Kanth,https://sharmaje.github.io/SantRadio/
Maa Mandir Aa Maa Muqdar,https://sharmaje.github.io/SantRadio/3_Maa Mandir Aa Maa Muqdar Aa ~ Eshwarlal.mp3,Man Ram Jap Toon,Dr. Neel Kanth,https://sharmaje.github.io/SantRadio/
Morakh Manda Chha Lae,https://sharmaje.github.io/SantRadio/4_Morakh Manda Chha Lae Maan Karen Tho ~ Raju.mp3,Man Ram Jap Toon,Dr. Neel Kanth,https://sharmaje.github.io/SantRadio/
Manjhan Tho Kashi Haridwar,https://sharmaje.github.io/SantRadio/5_Manjhan Tho Kashi Haridwar Aahe ~ Eshwarlal.mp3,Man Ram Jap Toon,Dr. Neel Kanth,https://sharmaje.github.io/SantRadio/
Bhagwan Tuhinjo Ajeeb,https://sharmaje.github.io/SantRadio/6_Bhagwan Tuhinjo Ajeeb Leelahon ~ Raju.mp3,Man Ram Jap Toon,Dr. Neel Kanth,https://sharmaje.github.io/SantRadio/
Mukh Maan Japi Ram,https://sharmaje.github.io/SantRadio/7_Mukh Maan Japi Ram ~ Eshwarlal.mp3,Man Ram Jap Toon,Dr. Neel Kanth,https://sharmaje.github.io/SantRadio/
Muhinjo Jaar Waro Murshid,https://sharmaje.github.io/SantRadio/8_Muhinjo Jaar Waro Murshid ~ Raju.mp3,Man Ram Jap Toon,Dr. Neel Kanth,https://sharmaje.github.io/SantRadio/
Bachpan Main Dunya Kha Daar,https://sharmaje.github.io/SantRadio/9_Bachpan Main Dunya Kha Daar ~ Eshwarlal.mp3,Man Ram Jap Toon,Dr. Neel Kanth,https://sharmaje.github.io/SantRadio/
Nenu Joon Ghalyoon,https://sharmaje.github.io/SantRadio/10_Nenu Joon Ghalyoon ~ Raju.mp3,Man Ram Jap Toon,Dr. Neel Kanth,https://sharmaje.github.io/SantRadio/
Kujh Soch Samjh Siyana,https://sharmaje.github.io/SantRadio/01Kujh_Soch_Samjh_Siyana~_Vinod_Kumar.mp3,Kujh Soch Samajh Siyana,Dr. Neel Kanth,https://sharmaje.github.io/SantRadio/Album Art/KSSS.jpg
Kisi Ke Kaam Jo,https://sharmaje.github.io/SantRadio/02Kisi_Ke_Kaam_Jo~_Vinod_Kumar.mp3,Kujh Soch Samajh Siyana,Dr. Neel Kanth,https://sharmaje.github.io/SantRadio/Album Art/KSSS.jpg
Jaikar Thendai Jag Main,https://sharmaje.github.io/SantRadio/03Jaikar_Thendai_Jag_Main~_Vinod_Kumar.mp3,Kujh Soch Samajh Siyana,Dr. Neel Kanth,https://sharmaje.github.io/SantRadio/Album Art/KSSS.jpg
Ya Naseeb,https://sharmaje.github.io/SantRadio/04Ya_Naseeb~_Vinod_Kumar.mp3,Kujh Soch Samajh Siyana,Dr. Neel Kanth,https://sharmaje.github.io/SantRadio/Album Art/KSSS.jpg
Sache Sant Ja Bol,https://sharmaje.github.io/SantRadio/05Sache_Sant_Ja_Bol~_Vinod_Kumar.mp3,Kujh Soch Samajh Siyana,Dr. Neel Kanth,https://sharmaje.github.io/SantRadio/Album Art/KSSS.jpg
Hey Ram,https://sharmaje.github.io/SantRadio/06Hey_Ram~_Vinod_Kumar.mp3,Kujh Soch Samajh Siyana,Dr. Neel Kanth,https://sharmaje.github.io/SantRadio/Album Art/KSSS.jpg
Toun Ram Jap Piyara,https://sharmaje.github.io/SantRadio/07Toun_Ram_Jap_Piyara~_Vinod_Kumar.mp3,Kujh Soch Samajh Siyana,Dr. Neel Kanth,https://sharmaje.github.io/SantRadio/Album Art/KSSS.jpg
Shaama Sadke Krishna Sadke,https://sharmaje.github.io/SantRadio/08Shaama_Sadke_Krishna_Sadke~_Vinod_Kumar.mp3,Kujh Soch Samajh Siyana,Dr. Neel Kanth,https://sharmaje.github.io/SantRadio/
Sant Sacho Toun Aahin,https://sharmaje.github.io/SantRadio/01_Sant_Sacho_Toun_Aahin.mp3,Kodo Sansar,Dr. Neel Kanth,https://sharmaje.github.io/SantRadio/Album Art/Kodo Sansar.jpg
Kaljug Main Aa Sain,https://sharmaje.github.io/SantRadio/02_Kaljug_Main_Aa_Sain.mp3,Kodo Sansar,Dr. Neel Kanth,https://sharmaje.github.io/SantRadio/Album Art/Kodo Sansar.jpg
Kodho Sansar Aa,https://sharmaje.github.io/SantRadio/03_Kodho_Sansar_Aa.mp3,Kodo Sansar,Dr. Neel Kanth,https://sharmaje.github.io/SantRadio/Album Art/Kodo Sansar.jpg
Jeth Jo Mahino Ayo,https://sharmaje.github.io/SantRadio/04_Jeth_Jo_Mahino_Ayo_Aa.mp3,Kodo Sansar,Dr. Neel Kanth,https://sharmaje.github.io/SantRadio/Album Art/Kodo Sansar.jpg
Sant Sacha NenuRam,https://sharmaje.github.io/SantRadio/05_Sant_Sacha_NenuRam.mp3,Kodo Sansar,Dr. Neel Kanth,https://sharmaje.github.io/SantRadio/Album Art/Kodo Sansar.jpg
NenuRam Tou Darr Diyan,https://sharmaje.github.io/SantRadio/06_NenuRam_Tou_Darr_Diyan.mp3,Kodo Sansar,Dr. Neel Kanth,https://sharmaje.github.io/SantRadio/Album Art/Kodo Sansar.jpg
Chho Tho Umar Winjahein,https://sharmaje.github.io/SantRadio/07_Chho_Tho_Umar_Winjahein.mp3,Kodo Sansar,Dr. Neel Kanth,https://sharmaje.github.io/SantRadio/Album Art/Kodo Sansar.jpg
Sachan Santan Je Dar,https://sharmaje.github.io/SantRadio/08_Sachan_Santan_Je_Dar.mp3,Kodo Sansar,Dr. Neel Kanth,https://sharmaje.github.io/SantRadio/Album Art/Kodo Sansar.jpg
Mello Bharyo Barpur,https://sharmaje.github.io/SantRadio/09_Mello_Bharyo_Barpur.mp3,Kodo Sansar,Dr. Neel Kanth,https://sharmaje.github.io/SantRadio/Album Art/Kodo Sansar.jpg
Be Shukra,https://sharmaje.github.io/SantRadio/10_Be_Shukra_Shukar_Na.mp3,Kodo Sansar,Dr. Neel Kanth,https://sharmaje.github.io/SantRadio/Album Art/Kodo Sansar.jpg
Main ne jab jab tujhe,https://sharmaje.github.io/SantRadio/01~Main_ne_jab_jab_tujhe_pukara~DrGul.mp3,Jai Sant Nenu Ram,Dr. Neel Kanth,https://sharmaje.github.io/SantRadio/
Jeevay Sant NenuRam,https://sharmaje.github.io/SantRadio/02~Jeevay_Sant_NenuRam~MuneshSharma.mp3,Jai Sant Nenu Ram,Dr. Neel Kanth,https://sharmaje.github.io/SantRadio/
Sunder Sunder Duwaro,https://sharmaje.github.io/SantRadio/03~Sunder_Sunder_Duwaro_Tuhinjo~DrGul.mp3,Jai Sant Nenu Ram,Dr. Neel Kanth,https://sharmaje.github.io/SantRadio/
De Sain De,https://sharmaje.github.io/SantRadio/04~De_Sain_De~MuneshSharma.mp3,Jai Sant Nenu Ram,Dr. Neel Kanth,https://sharmaje.github.io/SantRadio/
Aashram Ahe Aalishan,https://sharmaje.github.io/SantRadio/05~Aashram_Aahe_Aalishan~DrGul.mp3,Jai Sant Nenu Ram,Dr. Neel Kanth,https://sharmaje.github.io/SantRadio/
Maa Bhagwan Jo Roop,https://sharmaje.github.io/SantRadio/06~Maa_Bhagwan_Jo_Roop~MuneshSharma.mp3,Jai Sant Nenu Ram,Dr. Neel Kanth,https://sharmaje.github.io/SantRadio/
Har Jaate Je Nazar,https://sharmaje.github.io/SantRadio/07~Har~Jaate_Je_Nazar~DrGul.mp3,Jai Sant Nenu Ram,Dr. Neel Kanth,https://sharmaje.github.io/SantRadio/
Laagi Laagi Lagan,https://sharmaje.github.io/SantRadio/08~Laagi_Laagi_Lagan~MuneshSharma.mp3,Jai Sant Nenu Ram,Dr. Neel Kanth,https://sharmaje.github.io/SantRadio/
Dhuni Saahib,https://sharmaje.github.io/SantRadio/09~Dhuni_Saahib~DrGul.mp3,Jai Sant Nenu Ram,Dr. Neel Kanth,https://sharmaje.github.io/SantRadio/
Verhijhap Je Sikadi,https://sharmaje.github.io/SantRadio/10~Verhijhap_Je_Sikadi~MuneshSharma.mp3,Jai Sant Nenu Ram,Dr. Neel Kanth,https://sharmaje.github.io/SantRadio/
Suheni Suheni Sehaij,https://sharmaje.github.io/SantRadio/11~Suheni_Suheni_Sehaij~DrGul.mp3,Jai Sant Nenu Ram,Dr. Neel Kanth,https://sharmaje.github.io/SantRadio/
