Bhajans Title,Play Link,Album Name,Developed By
Ayo Melo NenuRam Jo,http://santnenuram.org/Aashram/Bhajans/Tuhinjee Darr Ja Dewana Gul/Ayo Melo NenuRam Jo.mp3,Tuhinjee Darr Ja Dewana,Dr. Neel Kanth
Jeay Jeay Sain NenuRam,http://santnenuram.org/Aashram/Bhajans/Tuhinjee Darr Ja Dewana Gul/Jeay Jeay Sain NenuRam.mp3,Tuhinjee Darr Ja Dewana,Dr. Neel Kanth
Jeke Jai Jaikar Kan NenuRam Je,http://santnenuram.org/Aashram/Bhajans/Tuhinjee Darr Ja Dewana Gul/Jeke Jai Jaikar Kan NenuRam Je.mp3,Tuhinjee Darr Ja Dewana,Dr. Neel Kanth
Kar Mehar Moun Te Mehrwan,http://santnenuram.org/Aashram/Bhajans/Tuhinjee Darr Ja Dewana Gul/Kar Mehar Moun Te Mehrwan.mp3,Tuhinjee Darr Ja Dewana,Dr. Neel Kanth
Main Ne Jab Jab Tujhe Pukara,http://santnenuram.org/Aashram/Bhajans/Tuhinjee Darr Ja Dewana Gul/Main Ne Jab Jab Tujhe Pukara.mp3,Tuhinjee Darr Ja Dewana,Dr. Neel Kanth
NenuRam Jo Naalo Piyaro,http://santnenuram.org/Aashram/Bhajans/Tuhinjee Darr Ja Dewana Gul/NenuRam Jo Naalo Piyaro.mp3,Tuhinjee Darr Ja Dewana,Dr. Neel Kanth
NenuRam Sant Sacho Sain,http://santnenuram.org/Aashram/Bhajans/Tuhinjee Darr Ja Dewana Gul/NenuRam Sant Sacho Sain.mp3,Tuhinjee Darr Ja Dewana,Dr. Neel Kanth
NenuRam Tuhinja Ahiyon Baana,http://santnenuram.org/Aashram/Bhajans/Tuhinjee Darr Ja Dewana Gul/NenuRam Tuhinja Ahiyon Baana.mp3,Tuhinjee Darr Ja Dewana,Dr. Neel Kanth
NenuRam Tuhinjee Darr Ja Dewana,http://santnenuram.org/Aashram/Bhajans/Tuhinjee Darr Ja Dewana Gul/NenuRam Tuhinjee Darr Ja Dewana.mp3,Tuhinjee Darr Ja Dewana,Dr. Neel Kanth
Sant Je Ochi Gaadhi Aa,http://santnenuram.org/Aashram/Bhajans/Tuhinjee Darr Ja Dewana Gul/Sant Je Ochi Gaadhi Aa.mp3,Tuhinjee Darr Ja Dewana,Dr. Neel Kanth
Sant Sachara Godhri Wara,http://santnenuram.org/Aashram/Bhajans/Tuhinjee Darr Ja Dewana Gul/Sant Sachara Godhri Wara.mp3,Tuhinjee Darr Ja Dewana,Dr. Neel Kanth
Santan Main Mahaan Aa,http://santnenuram.org/Aashram/Bhajans/Tuhinjee Darr Ja Dewana Gul/Santan Main Mahaan Aa.mp3,Tuhinjee Darr Ja Dewana,Dr. Neel Kanth
Thar Ain Bhar Main Har Ghar Main,http://santnenuram.org/Aashram/Bhajans/Tuhinjee Darr Ja Dewana Gul/Thar Ain Bhar Main Har Ghar Main.mp3,Tuhinjee Darr Ja Dewana,Dr. Neel Kanth
Tuhinji Dhooni Je Ehri Khak Aa,http://santnenuram.org/Aashram/Bhajans/Tuhinjee Darr Ja Dewana Gul/Tuhinji Dhooni Je Ehri Khak Aa.mp3,Tuhinjee Darr Ja Dewana,Dr. Neel Kanth
Bajh kajaan NenuRam ~RameshRahi,http://santnenuram.org/Aashram/Bhajans/SunnSadrhaNenuRam/Bajh kajaan NenuRam ~RameshRahi.mp3,Sunn Sadrha Nenu Ram,Dr. Neel Kanth
Sant Aa Sacharo ~RameshRahi,http://santnenuram.org/Aashram/Bhajans/SunnSadrhaNenuRam/Sant Aa Sacharo ~RameshRahi.mp3,Sunn Sadrha Nenu Ram,Dr. Neel Kanth
Sant Sacho NenuRam Aa ~RameshRahi,http://santnenuram.org/Aashram/Bhajans/SunnSadrhaNenuRam/Sant Sacho NenuRam Aa ~RameshRahi.mp3,Sunn Sadrha Nenu Ram,Dr. Neel Kanth
Sunn NenuRam Pukaar ~RameshRahi,http://santnenuram.org/Aashram/Bhajans/SunnSadrhaNenuRam/Sunn NenuRam Pukaar ~RameshRahi.mp3,Sunn Sadrha Nenu Ram,Dr. Neel Kanth
Sunn Sadrha NenuRam ~RameshRahi,http://santnenuram.org/Aashram/Bhajans/SunnSadrhaNenuRam/Sunn Sadrha NenuRam ~RameshRahi.mp3,Sunn Sadrha Nenu Ram,Dr. Neel Kanth
01_Thar_Sindh_Khan_Premi~Sharma_Je_Links,http://santnenuram.org/Aashram/Bhajans/SantSachara/01_Thar_Sindh_Khan_Premi~Sharma_Je_Links.mp3,Sant Sachara,Dr. Neel Kanth
02_Aahe_Swarg_Jehro_Duar~Sharma_Je_Links,http://santnenuram.org/Aashram/Bhajans/SantSachara/02_Aahe_Swarg_Jehro_Duar~Sharma_Je_Links.mp3,Sant Sachara,Dr. Neel Kanth
03_Sant_Sachara_Jee_Ja_Jiyara~Sharma_Je_Links,http://santnenuram.org/Aashram/Bhajans/SantSachara/03_Sant_Sachara_Jee_Ja_Jiyara~Sharma_Je_Links.mp3,Sant Sachara,Dr. Neel Kanth
04_NenuRam_Aahe_Sant_Sadachari~Sharma_Je_Links,http://santnenuram.org/Aashram/Bhajans/SantSachara/04_NenuRam_Aahe_Sant_Sadachari~Sharma_Je_Links.mp3,Sant Sachara,Dr. Neel Kanth
05_Tuhinje_Darr_Te_Hali_Aauas~Sharma_Je_Links,http://santnenuram.org/Aashram/Bhajans/SantSachara/05_Tuhinje_Darr_Te_Hali_Aauas~Sharma_Je_Links.mp3,Sant Sachara,Dr. Neel Kanth
06_Sigho_Wari_Aa_NenuRam~Sharma_Je_Links,http://santnenuram.org/Aashram/Bhajans/SantSachara/06_Sigho_Wari_Aa_NenuRam~Sharma_Je_Links.mp3,Sant Sachara,Dr. Neel Kanth
07_Sant_NenuRam_Je_Ajab_Darbar~Sharma_Je_Links,http://santnenuram.org/Aashram/Bhajans/SantSachara/07_Sant_NenuRam_Je_Ajab_Darbar~Sharma_Je_Links.mp3,Sant Sachara,Dr. Neel Kanth
08_Sant_Sachara_Preetam_Piyara~Sharma_Je_Links,http://santnenuram.org/Aashram/Bhajans/SantSachara/08_Sant_Sachara_Preetam_Piyara~Sharma_Je_Links.mp3,Sant Sachara,Dr. Neel Kanth
01_Om_Jai_Sant_NenuRam,http://santnenuram.org/Aashram/Bhajans/SantJoDeedar~Eshawar/01_Om_Jai_Sant_NenuRam.mp3,Sant Jo Deedar,Dr. Neel Kanth
02_Maan_Ta_Rasta,http://santnenuram.org/Aashram/Bhajans/SantJoDeedar~Eshawar/02_Maan_Ta_Rasta.mp3,Sant Jo Deedar,Dr. Neel Kanth
03_Bhare_Jo_Per,http://santnenuram.org/Aashram/Bhajans/SantJoDeedar~Eshawar/03_Bhare_Jo_Per.mp3,Sant Jo Deedar,Dr. Neel Kanth
04_Melo_Melo_Sain,http://santnenuram.org/Aashram/Bhajans/SantJoDeedar~Eshawar/04_Melo_Melo_Sain.mp3,Sant Jo Deedar,Dr. Neel Kanth
05_Tuhinjo_Deedar_Khapy,http://santnenuram.org/Aashram/Bhajans/SantJoDeedar~Eshawar/05_Tuhinjo_Deedar_Khapy.mp3,Sant Jo Deedar,Dr. Neel Kanth
06_Sain_Paan_he_Ram,http://santnenuram.org/Aashram/Bhajans/SantJoDeedar~Eshawar/06_Sain_Paan_he_Ram.mp3,Sant Jo Deedar,Dr. Neel Kanth
07_Jeay_NenuRam_Sain,http://santnenuram.org/Aashram/Bhajans/SantJoDeedar~Eshawar/07_Jeay_NenuRam_Sain.mp3,Sant Jo Deedar,Dr. Neel Kanth
08_Jenh_Jo_Chehro_Chand_Missal,http://santnenuram.org/Aashram/Bhajans/SantJoDeedar~Eshawar/08_Jenh_Jo_Chehro_Chand_Missal.mp3,Sant Jo Deedar,Dr. Neel Kanth
09_Ajj_Ta_Muhinjo_Ram_Ayo,http://santnenuram.org/Aashram/Bhajans/SantJoDeedar~Eshawar/09_Ajj_Ta_Muhinjo_Ram_Ayo.mp3,Sant Jo Deedar,Dr. Neel Kanth
10_Santan_Ja_Sant,http://santnenuram.org/Aashram/Bhajans/SantJoDeedar~Eshawar/10_Santan_Ja_Sant.mp3,Sant Jo Deedar,Dr. Neel Kanth
11_Dhol_Shehnayoon_Wajayo,http://santnenuram.org/Aashram/Bhajans/SantJoDeedar~Eshawar/11_Dhol_Shehnayoon_Wajayo.mp3,Sant Jo Deedar,Dr. Neel Kanth
12_Aahe_Moun_Khay,http://santnenuram.org/Aashram/Bhajans/SantJoDeedar~Eshawar/12_Aahe_Moun_Khay.mp3,Sant Jo Deedar,Dr. Neel Kanth
Acho piyara ghumi disso OLD,http://santnenuram.org/Aashram/Bhajans/Sant Old/Acho piyara ghumi disso OLD.mp3,Sant Old,Dr. Neel Kanth
hitan ta halyo wahen OLD,http://santnenuram.org/Aashram/Bhajans/Sant Old/hitan ta halyo wahen OLD.mp3,Sant Old,Dr. Neel Kanth
sache sant ja bol OLD,http://santnenuram.org/Aashram/Bhajans/Sant Old/sache sant ja bol OLD.mp3,Sant Old,Dr. Neel Kanth
sant sacho tou khe OLD,http://santnenuram.org/Aashram/Bhajans/Sant Old/sant sacho tou khe OLD.mp3,Sant Old,Dr. Neel Kanth
santnenuram pahinjo waro wajahe wahen OLD,http://santnenuram.org/Aashram/Bhajans/Sant Old/santnenuram pahinjo waro wajahe wahen OLD.mp3,Sant Old,Dr. Neel Kanth
01_Aarti Sant Sache Ki ~ DrGul,http://santnenuram.org/Aashram/Bhajans/SadaShiv~Gul/01_Aarti Sant Sache Ki ~ DrGul.mp3,Sada Shiv ~ Gul,Dr. Neel Kanth
02_Halo Halo Premi Swarg Dham ~ DrGul,http://santnenuram.org/Aashram/Bhajans/SadaShiv~Gul/02_Halo Halo Premi Swarg Dham ~ DrGul.mp3,Sada Shiv ~ Gul,Dr. Neel Kanth
03_He Kaljug Jo Ram Aahe ~ DrGul,http://santnenuram.org/Aashram/Bhajans/SadaShiv~Gul/03_He Kaljug Jo Ram Aahe ~ DrGul.mp3,Sada Shiv ~ Gul,Dr. Neel Kanth
04_Sant Sacho Sant Sacho NenuRam  ~ DrGul,http://santnenuram.org/Aashram/Bhajans/SadaShiv~Gul/04_Sant Sacho Sant Sacho NenuRam  ~ DrGul.mp3,Sada Shiv ~ Gul,Dr. Neel Kanth
05_NenuRam Tuhinjo Naalo ~ DrGul,http://santnenuram.org/Aashram/Bhajans/SadaShiv~Gul/05_NenuRam Tuhinjo Naalo ~ DrGul.mp3,Sada Shiv ~ Gul,Dr. Neel Kanth
06_Japoon Naam NenuRam ~ DrGul,http://santnenuram.org/Aashram/Bhajans/SadaShiv~Gul/06_Japoon Naam NenuRam ~ DrGul.mp3,Sada Shiv ~ Gul,Dr. Neel Kanth
07_NenuRam Sacho Sain ~ DrGul,http://santnenuram.org/Aashram/Bhajans/SadaShiv~Gul/07_NenuRam Sacho Sain ~ DrGul.mp3,Sada Shiv ~ Gul,Dr. Neel Kanth
08_Gadhi Tuhinje Aahe Balwan ~ DrGul,http://santnenuram.org/Aashram/Bhajans/SadaShiv~Gul/08_Gadhi Tuhinje Aahe Balwan ~ DrGul.mp3,Sada Shiv ~ Gul,Dr. Neel Kanth
09_Muhinje Hirde Main Sain NenuRam ~ DrGul,http://santnenuram.org/Aashram/Bhajans/SadaShiv~Gul/09_Muhinje Hirde Main Sain NenuRam ~ DrGul.mp3,Sada Shiv ~ Gul,Dr. Neel Kanth
10_Sacho Sant NenuRam Muhinje Dil ~DrGul,http://santnenuram.org/Aashram/Bhajans/SadaShiv~Gul/10_Sacho Sant NenuRam Muhinje Dil ~DrGul.mp3,Sada Shiv ~ Gul,Dr. Neel Kanth
01_Bhagat_Bhali_Kajo~Basarmal,http://santnenuram.org/Aashram/Bhajans/SachoSant/01_Bhagat_Bhali_Kajo~Basarmal.mp3,"Sacho Sant  ""Sant Old'",Dr. Neel Kanth
02_Sache_Sant_ja_Bol~Basarmal,http://santnenuram.org/Aashram/Bhajans/SachoSant/02_Sache_Sant_ja_Bol~Basarmal.mp3,"Sacho Sant  ""Sant Old'",Dr. Neel Kanth
03_Acho_Piyara_Ghumi_Disso~Basarmal,http://santnenuram.org/Aashram/Bhajans/SachoSant/03_Acho_Piyara_Ghumi_Disso~Basarmal.mp3,"Sacho Sant  ""Sant Old'",Dr. Neel Kanth
04_Hekar_Hit_Wari_Aa~Basarmal,http://santnenuram.org/Aashram/Bhajans/SachoSant/04_Hekar_Hit_Wari_Aa~Basarmal.mp3,"Sacho Sant  ""Sant Old'",Dr. Neel Kanth
05_Mello_Bharyo_Bharpur_Nenu_Ram~Basarmal,http://santnenuram.org/Aashram/Bhajans/SachoSant/05_Mello_Bharyo_Bharpur_Nenu_Ram~Basarmal.mp3,"Sacho Sant  ""Sant Old'",Dr. Neel Kanth
06_Sant_Nenu_Ram_Pahinjo_Waro~Basarmal,http://santnenuram.org/Aashram/Bhajans/SachoSant/06_Sant_Nenu_Ram_Pahinjo_Waro~Basarmal.mp3,"Sacho Sant  ""Sant Old'",Dr. Neel Kanth
Data Samajhe Darr Te Ayas,http://santnenuram.org/Aashram/Bhajans/Ramesh Rahi/Sant NenuRam Sachara 23/Data Samajhe Darr Te Ayas.mp3,Sant NenuRam Sachara,Dr. Neel Kanth
Hal Salamkot Ghaam Jite Ahe Sant NenuRam,http://santnenuram.org/Aashram/Bhajans/Ramesh Rahi/Sant NenuRam Sachara 23/Hal Salamkot Ghaam Jite Ahe Sant NenuRam.mp3,Sant NenuRam Sachara,Dr. Neel Kanth
Jiye Jiye Jiye Sant NenuRam,http://santnenuram.org/Aashram/Bhajans/Ramesh Rahi/Sant NenuRam Sachara 23/Jiye Jiye Jiye Sant NenuRam.mp3,Sant NenuRam Sachara,Dr. Neel Kanth
NenuRam Tou Te Nanghro.mp3,http://santnenuram.org/Aashram/Bhajans/Ramesh Rahi/Sant NenuRam Sachara 23/NenuRam Tou Te Nanghro.mp3,Sant NenuRam Sachara,Dr. Neel Kanth
Nirmal Nazaro Aa Darr Sant Jo Pyaro Aa,http://santnenuram.org/Aashram/Bhajans/Ramesh Rahi/Sant NenuRam Sachara 23/Nirmal Nazaro Aa Darr Sant Jo Pyaro Aa.mp3,Sant NenuRam Sachara,Dr. Neel Kanth
Oo Sant NenuRam Piyara,http://santnenuram.org/Aashram/Bhajans/Ramesh Rahi/Sant NenuRam Sachara 23/Oo Sant NenuRam Piyara .mp3,Sant NenuRam Sachara,Dr. Neel Kanth
Qurban Vanjhan Tou Taan,http://santnenuram.org/Aashram/Bhajans/Ramesh Rahi/Sant NenuRam Sachara 23/Qurban Vanjhan Tou Taan.mp3,Sant NenuRam Sachara,Dr. Neel Kanth
Sant NenuRam Darr Bhaag Tho Khule,http://santnenuram.org/Aashram/Bhajans/Ramesh Rahi/Sant NenuRam Sachara 23/Sant NenuRam Darr Bhaag Tho Khule.mp3,Sant NenuRam Sachara,Dr. Neel Kanth
Tuhinjo Huje Sath Kenhje Parvah Nahe,http://santnenuram.org/Aashram/Bhajans/Ramesh Rahi/Sant NenuRam Sachara 23/Tuhinjo Huje Sath Kenhje Parvah Nahe.mp3,Sant NenuRam Sachara,Dr. Neel Kanth
Ahiyan Pakhali Parbirham Jo ~ Ramesh Rahi,http://santnenuram.org/Aashram/Bhajans/Ramesh Rahi/Verhijhap Main Har Dard Je Dava Aa/Ahiyan Pakhali Parbirham Jo ~ Ramesh Rahi.mp3,Verhijhap Main Har Dard Je Dava Aa,Dr. Neel Kanth
Deendo Aa Jhol Bhare ~ Ramesh Rahi,http://santnenuram.org/Aashram/Bhajans/Ramesh Rahi/Verhijhap Main Har Dard Je Dava Aa/Deendo Aa Jhol Bhare ~ Ramesh Rahi.mp3,Verhijhap Main Har Dard Je Dava Aa,Dr. Neel Kanth
Jai Jai Rama Bai Sahab,http://santnenuram.org/Aashram/Bhajans/Ramesh Rahi/Verhijhap Main Har Dard Je Dava Aa/Jai Jai Rama Bai Sahab.mp3,Verhijhap Main Har Dard Je Dava Aa,Dr. Neel Kanth
Jott Jite Jaghe Thi,http://santnenuram.org/Aashram/Bhajans/Ramesh Rahi/Verhijhap Main Har Dard Je Dava Aa/Jott Jite Jaghe Thi.mp3,Verhijhap Main Har Dard Je Dava Aa,Dr. Neel Kanth
Muhinji Mithri Mata Mehar Kare,http://santnenuram.org/Aashram/Bhajans/Ramesh Rahi/Verhijhap Main Har Dard Je Dava Aa/Muhinji Mithri Mata Mehar Kare.mp3,Verhijhap Main Har Dard Je Dava Aa,Dr. Neel Kanth
NenuRam Tou Te Nanghro,http://santnenuram.org/Aashram/Bhajans/Ramesh Rahi/Verhijhap Main Har Dard Je Dava Aa/NenuRam Tou Te Nanghro.mp3,Verhijhap Main Har Dard Je Dava Aa,Dr. Neel Kanth
Nirmal Nazaro Aa Dar Sant Jo,http://santnenuram.org/Aashram/Bhajans/Ramesh Rahi/Verhijhap Main Har Dard Je Dava Aa/Nirmal Nazaro Aa Dar Sant Jo.mp3,Verhijhap Main Har Dard Je Dava Aa,Dr. Neel Kanth
Pandhi Verhjhap Te,http://santnenuram.org/Aashram/Bhajans/Ramesh Rahi/Verhijhap Main Har Dard Je Dava Aa/Pandhi Verhjhap Te.mp3,Verhijhap Main Har Dard Je Dava Aa,Dr. Neel Kanth
Vehrijhap Je Darr Te Har Dard Je Dava,http://santnenuram.org/Aashram/Bhajans/Ramesh Rahi/Verhijhap Main Har Dard Je Dava Aa/Vehrijhap Je Darr Te Har Dard Je Dava.mp3,Verhijhap Main Har Dard Je Dava Aa,Dr. Neel Kanth
Vehrijhap Je Vasti Jatiyan Je Zindagi,http://santnenuram.org/Aashram/Bhajans/Ramesh Rahi/Verhijhap Main Har Dard Je Dava Aa/Vehrijhap Je Vasti Jatiyan Je Zindagi.mp3,Verhijhap Main Har Dard Je Dava Aa,Dr. Neel Kanth
Toukhe Ardas Kayan Sant NenuRam Sada,http://santnenuram.org/Aashram/Bhajans/Rano Sindhi/Sant Bhajans/Toukhe Ardas Kayan Sant NenuRam Sada.mp3,Rano Sindhi,Dr. Neel Kanth
Tasveer Ditham Ehri Jehro Ram Vetho Aahe,http://santnenuram.org/Aashram/Bhajans/Rano Sindhi/Sant Bhajans/Tasveer Ditham Ehri Jehro Ram Vetho Aahe.mp3,Rano Sindhi,Dr. Neel Kanth
Suhino NenuRam Jo Duwaro Athai,http://santnenuram.org/Aashram/Bhajans/Rano Sindhi/Sant Bhajans/Suhino NenuRam Jo Duwaro Athai.mp3,Rano Sindhi,Dr. Neel Kanth
Santan Jo Sartaj NenuRam,http://santnenuram.org/Aashram/Bhajans/Rano Sindhi/Sant Bhajans/Santan Jo Sartaj NenuRam.mp3,Rano Sindhi,Dr. Neel Kanth
Sajayan Ajj Maan Aashram Khe,http://santnenuram.org/Aashram/Bhajans/Rano Sindhi/Sant Bhajans/Sajayan Ajj Maan Aashram Khe.mp3,Rano Sindhi,Dr. Neel Kanth
Sain NenuRam Ach Tuhinje Duwar,http://santnenuram.org/Aashram/Bhajans/Rano Sindhi/Sant Bhajans/Sain NenuRam Ach Tuhinje Duwar.mp3,Rano Sindhi,Dr. Neel Kanth
Sadh Muhinja Sunni NenuRam Halyo Achjan,http://santnenuram.org/Aashram/Bhajans/Rano Sindhi/Sant Bhajans/Sadh Muhinja Sunni NenuRam Halyo Achjan.mp3,Rano Sindhi,Dr. Neel Kanth
NenuRam Toukhe Piyo Saaryan,http://santnenuram.org/Aashram/Bhajans/Rano Sindhi/Sant Bhajans/NenuRam Toukhe Piyo Saaryan.mp3,Rano Sindhi,Dr. Neel Kanth
NenuRam Sain Tuhinja Wachan Yaad Aya,http://santnenuram.org/Aashram/Bhajans/Rano Sindhi/Sant Bhajans/NenuRam Sain Tuhinja Wachan Yaad Aya.mp3,Rano Sindhi,Dr. Neel Kanth
NenuRam Sain Muhinja Ahen Dayavaan,http://santnenuram.org/Aashram/Bhajans/Rano Sindhi/Sant Bhajans/NenuRam Sain Muhinja Ahen Dayavaan.mp3,Rano Sindhi,Dr. Neel Kanth
NenuRam Sacha Sain Muhinji Saar,http://santnenuram.org/Aashram/Bhajans/Rano Sindhi/Sant Bhajans/NenuRam Sacha Sain Muhinji Saar.mp3,Rano Sindhi,Dr. Neel Kanth
NenuRam Sabhaja Sakhi,http://santnenuram.org/Aashram/Bhajans/Rano Sindhi/Sant Bhajans/NenuRam Sabhaja Sakhi.mp3,Rano Sindhi,Dr. Neel Kanth
Kadhn Kadehn Sain NenuRam Je Khayal Main,http://santnenuram.org/Aashram/Bhajans/Rano Sindhi/Sant Bhajans/Kadhn Kadehn Sain NenuRam Je Khayal Main.mp3,Rano Sindhi,Dr. Neel Kanth
Har Kehn Hirdhe Main,http://santnenuram.org/Aashram/Bhajans/Rano Sindhi/Sant Bhajans/Har Kehn Hirdhe Main.mp3,Rano Sindhi,Dr. Neel Kanth
Har Dil Main Wassay NenuRam,http://santnenuram.org/Aashram/Bhajans/Rano Sindhi/Sant Bhajans/Har Dil Main Wassay NenuRam.mp3,Rano Sindhi,Dr. Neel Kanth
Halo Halo Sant NenuRam Ke Dhaam,http://santnenuram.org/Aashram/Bhajans/Rano Sindhi/Sant Bhajans/Halo Halo Sant NenuRam Ke Dhaam.mp3,Rano Sindhi,Dr. Neel Kanth
Dil Chavndi Aa NenuRam Sakhi Jo Darshan Kayan,http://santnenuram.org/Aashram/Bhajans/Rano Sindhi/Sant Bhajans/Dil Chavndi Aa NenuRam Sakhi Jo Darshan Kayan.mp3,Rano Sindhi,Dr. Neel Kanth
Ajj Taran Mai. Aa Hull NenuRam,http://santnenuram.org/Aashram/Bhajans/Rano Sindhi/Sant Bhajans/Ajj Taran Mai. Aa Hull NenuRam.mp3,Rano Sindhi,Dr. Neel Kanth
Ajj Bhaag Bharyo Mounkhe He Duwar Milyo Aa,http://santnenuram.org/Aashram/Bhajans/Rano Sindhi/Sant Bhajans/Ajj Bhaag Bharyo Mounkhe He Duwar Milyo Aa.mp3,Rano Sindhi,Dr. Neel Kanth
Ahe Hin Nagri Khe Parnam,http://santnenuram.org/Aashram/Bhajans/Rano Sindhi/Sant Bhajans/Ahe Hin Nagri Khe Parnam.mp3,Rano Sindhi,Dr. Neel Kanth
10~Nain_Vichhayan_Rahun_Te~Dileep,http://santnenuram.org/Aashram/Bhajans/MeloAyoSacheSantJo/10~Nain_Vichhayan_Rahun_Te~Dileep.mp3,Melo Ayo Sache Sant Jo,Dr. Neel Kanth
1~Melo_Aayo_Sache_Sant_Jo~Eshwar,http://santnenuram.org/Aashram/Bhajans/MeloAyoSacheSantJo/1~Melo_Aayo_Sache_Sant_Jo~Eshwar.mp3,Melo Ayo Sache Sant Jo,Dr. Neel Kanth
2~Aahe_Sant_Sacharo_NenuRam~Dileep,http://santnenuram.org/Aashram/Bhajans/MeloAyoSacheSantJo/2~Aahe_Sant_Sacharo_NenuRam~Dileep.mp3,Melo Ayo Sache Sant Jo,Dr. Neel Kanth
3~Sant_NenuRam_Hai_Ajab~Eshwar,http://santnenuram.org/Aashram/Bhajans/MeloAyoSacheSantJo/3~Sant_NenuRam_Hai_Ajab~Eshwar.mp3,Melo Ayo Sache Sant Jo,Dr. Neel Kanth
4~Do_Akhshar_Ka_Naam~Dileep,http://santnenuram.org/Aashram/Bhajans/MeloAyoSacheSantJo/4~Do_Akhshar_Ka_Naam~Dileep.mp3,Melo Ayo Sache Sant Jo,Dr. Neel Kanth
5~Tuhinje_Jaat_Je_Tolli~Eshwar,http://santnenuram.org/Aashram/Bhajans/MeloAyoSacheSantJo/5~Tuhinje_Jaat_Je_Tolli~Eshwar.mp3,Melo Ayo Sache Sant Jo,Dr. Neel Kanth
6~Bani_Paan Yogi~Dileep,http://santnenuram.org/Aashram/Bhajans/MeloAyoSacheSantJo/6~Bani_Paan Yogi~Dileep.mp3,Melo Ayo Sache Sant Jo,Dr. Neel Kanth
7~Aahe_Sakhi_sarkar~Eshwar,http://santnenuram.org/Aashram/Bhajans/MeloAyoSacheSantJo/7~Aahe_Sakhi_sarkar~Eshwar.mp3,Melo Ayo Sache Sant Jo,Dr. Neel Kanth
8~Kar_Shewa_Sain_NenuRam_Je~Dileep,http://santnenuram.org/Aashram/Bhajans/MeloAyoSacheSantJo/8~Kar_Shewa_Sain_NenuRam_Je~Dileep.mp3,Melo Ayo Sache Sant Jo,Dr. Neel Kanth
9~Jai_Jai_Mata_Ke~Eshwar,http://santnenuram.org/Aashram/Bhajans/MeloAyoSacheSantJo/9~Jai_Jai_Mata_Ke~Eshwar.mp3,Melo Ayo Sache Sant Jo,Dr. Neel Kanth
01_Aavi_NenuRam_Re_Palki ~ Eshwar,http://santnenuram.org/Aashram/Bhajans/MellaNaseebanJa/01_Aavi_NenuRam_Re_Palki ~ Eshwar.mp3,Mella Naseeban Ja,Dr. Neel Kanth
02_Mella_Naseeban_Ja ~ Eshwar.mp3,http://santnenuram.org/Aashram/Bhajans/MellaNaseebanJa/02_Mella_Naseeban_Ja ~ Eshwar.mp3,Mella Naseeban Ja,Dr. Neel Kanth
03_Rasta_Bhale_Sajayo ~ Eshwar.mp3,http://santnenuram.org/Aashram/Bhajans/MellaNaseebanJa/03_Rasta_Bhale_Sajayo ~ Eshwar.mp3,Mella Naseeban Ja,Dr. Neel Kanth
04_Moun_Te_Sant_Sache_Joon ~ Eshwar.mp3,http://santnenuram.org/Aashram/Bhajans/MellaNaseebanJa/04_Moun_Te_Sant_Sache_Joon ~ Eshwar.mp3,Mella Naseeban Ja,Dr. Neel Kanth
05_Jai_Jai_NenuRam ~ Eshwar.mp3,http://santnenuram.org/Aashram/Bhajans/MellaNaseebanJa/05_Jai_Jai_NenuRam ~ Eshwar.mp3,Mella Naseeban Ja,Dr. Neel Kanth
06_Paato_Aa_Paato_Sant_Sacho ~ Kundan.mp3,http://santnenuram.org/Aashram/Bhajans/MellaNaseebanJa/06_Paato_Aa_Paato_Sant_Sacho ~ Kundan.mp3,Mella Naseeban Ja,Dr. Neel Kanth
07_Zabardast_Zabardast_Aa ~ Eshwar.mp3,http://santnenuram.org/Aashram/Bhajans/MellaNaseebanJa/07_Zabardast_Zabardast_Aa ~ Eshwar.mp3,Mella Naseeban Ja,Dr. Neel Kanth
08_Ahiyan_Merro_Mandho ~ Eshwar.mp3,http://santnenuram.org/Aashram/Bhajans/MellaNaseebanJa/08_Ahiyan_Merro_Mandho ~ Eshwar.mp3,Mella Naseeban Ja,Dr. Neel Kanth
09_Tuhinja_Ahiyon_Tuhinja_Sain ~_Kundan.mp3,http://santnenuram.org/Aashram/Bhajans/MellaNaseebanJa/09_Tuhinja_Ahiyon_Tuhinja_Sain ~_Kundan.mp3,Mella Naseeban Ja,Dr. Neel Kanth
10_Mella_He_Mella ~ Eshwar.mp3,http://santnenuram.org/Aashram/Bhajans/MellaNaseebanJa/10_Mella_He_Mella ~ Eshwar.mp3,Mella Naseeban Ja,Dr. Neel Kanth
11_Dade_Darshan_Main ~ Eshwar.mp3,http://santnenuram.org/Aashram/Bhajans/MellaNaseebanJa/11_Dade_Darshan_Main ~ Eshwar.mp3,Mella Naseeban Ja,Dr. Neel Kanth
12_Kujh_Soch_Siyana ~_Eshwar.mp3,http://santnenuram.org/Aashram/Bhajans/MellaNaseebanJa/12_Kujh_Soch_Siyana ~_Eshwar.mp3,Mella Naseeban Ja,Dr. Neel Kanth
13_Khushyan_Bharyo_Aa_Bhandar ~ Eshwar.mp3,http://santnenuram.org/Aashram/Bhajans/MellaNaseebanJa/13_Khushyan_Bharyo_Aa_Bhandar ~ Eshwar.mp3,Mella Naseeban Ja,Dr. Neel Kanth
1_Santan Main Sant Mahan Sain NenuRam ~ Eshwarlal.mp3,http://santnenuram.org/Aashram/Bhajans/ManRamJapToon/1_Santan Main Sant Mahan Sain NenuRam ~ Eshwarlal.mp3,Man Ram Jap Toon,Dr. Neel Kanth
2_Sain Tuhinje Wanjhan Kha Poe ~ Raju.mp3,http://santnenuram.org/Aashram/Bhajans/ManRamJapToon/2_Sain Tuhinje Wanjhan Kha Poe ~ Raju.mp3,Man Ram Jap Toon,Dr. Neel Kanth
3_Maa Mandir Aa Maa Muqdar Aa ~ Eshwarlal.mp3,http://santnenuram.org/Aashram/Bhajans/ManRamJapToon/3_Maa Mandir Aa Maa Muqdar Aa ~ Eshwarlal.mp3,Man Ram Jap Toon,Dr. Neel Kanth
4_Morakh Manda Chha Lae Maan Karen Tho ~ Raju.mp3,http://santnenuram.org/Aashram/Bhajans/ManRamJapToon/4_Morakh Manda Chha Lae Maan Karen Tho ~ Raju.mp3,Man Ram Jap Toon,Dr. Neel Kanth
5_Manjhan Tho Kashi Haridwar Aahe ~ Eshwarlal.mp3,http://santnenuram.org/Aashram/Bhajans/ManRamJapToon/5_Manjhan Tho Kashi Haridwar Aahe ~ Eshwarlal.mp3,Man Ram Jap Toon,Dr. Neel Kanth
6_Bhagwan Tuhinjo Ajeeb Leelahon ~ Raju.mp3,http://santnenuram.org/Aashram/Bhajans/ManRamJapToon/6_Bhagwan Tuhinjo Ajeeb Leelahon ~ Raju.mp3,Man Ram Jap Toon,Dr. Neel Kanth
7_Mukh Maan Japi Ram ~ Eshwarlal.mp3,http://santnenuram.org/Aashram/Bhajans/ManRamJapToon/7_Mukh Maan Japi Ram ~ Eshwarlal.mp3,Man Ram Jap Toon,Dr. Neel Kanth
8_Muhinjo Jaar Waro Murshid ~ Raju.mp3,http://santnenuram.org/Aashram/Bhajans/ManRamJapToon/8_Muhinjo Jaar Waro Murshid ~ Raju.mp3,Man Ram Jap Toon,Dr. Neel Kanth
9_Bachpan Main Dunya Kha Daar ~ Eshwarlal.mp3,http://santnenuram.org/Aashram/Bhajans/ManRamJapToon/9_Bachpan Main Dunya Kha Daar ~ Eshwarlal.mp3,Man Ram Jap Toon,Dr. Neel Kanth
10_Nenu Joon Ghalyoon ~ Raju.mp3,http://santnenuram.org/Aashram/Bhajans/ManRamJapToon/10_Nenu Joon Ghalyoon ~ Raju.mp3,Man Ram Jap Toon,Dr. Neel Kanth
01Kujh_Soch_Samjh_Siyana~_Vinod_Kumar.mp3,http://santnenuram.org/Aashram/Bhajans/KujhSochSamajhSiyana~Vinod/01Kujh_Soch_Samjh_Siyana~_Vinod_Kumar.mp3,Kujh Soch Samajh Siyana,Dr. Neel Kanth
02Kisi_Ke_Kaam_Jo~_Vinod_Kumar.mp3,http://santnenuram.org/Aashram/Bhajans/KujhSochSamajhSiyana~Vinod/02Kisi_Ke_Kaam_Jo~_Vinod_Kumar.mp3,Kujh Soch Samajh Siyana,Dr. Neel Kanth
03Jaikar_Thendai_Jag_Main~_Vinod_Kumar.mp3,http://santnenuram.org/Aashram/Bhajans/KujhSochSamajhSiyana~Vinod/03Jaikar_Thendai_Jag_Main~_Vinod_Kumar.mp3,Kujh Soch Samajh Siyana,Dr. Neel Kanth
04Ya_Naseeb~_Vinod_Kumar.mp3,http://santnenuram.org/Aashram/Bhajans/KujhSochSamajhSiyana~Vinod/04Ya_Naseeb~_Vinod_Kumar.mp3,Kujh Soch Samajh Siyana,Dr. Neel Kanth
05Sache_Sant_Ja_Bol~_Vinod_Kumar.mp3,http://santnenuram.org/Aashram/Bhajans/KujhSochSamajhSiyana~Vinod/05Sache_Sant_Ja_Bol~_Vinod_Kumar.mp3,Kujh Soch Samajh Siyana,Dr. Neel Kanth
06Hey_Ram~_Vinod_Kumar.mp3,http://santnenuram.org/Aashram/Bhajans/KujhSochSamajhSiyana~Vinod/06Hey_Ram~_Vinod_Kumar.mp3,Kujh Soch Samajh Siyana,Dr. Neel Kanth
07Toun_Ram_Jap_Piyara~_Vinod_Kumar.mp3,http://santnenuram.org/Aashram/Bhajans/KujhSochSamajhSiyana~Vinod/07Toun_Ram_Jap_Piyara~_Vinod_Kumar.mp3,Kujh Soch Samajh Siyana,Dr. Neel Kanth
08Shaama_Sadke_Krishna_Sadke~_Vinod_Kumar.mp3,http://santnenuram.org/Aashram/Bhajans/KujhSochSamajhSiyana~Vinod/08Shaama_Sadke_Krishna_Sadke~_Vinod_Kumar.mp3,Kujh Soch Samajh Siyana,Dr. Neel Kanth
01_Sant_Sacho_Toun_Aahin.mp3,http://santnenuram.org/Aashram/Bhajans/KodoSansar~zohaib/01_Sant_Sacho_Toun_Aahin.mp3,Kodo Sansar,Dr. Neel Kanth
02_Kaljug_Main_Aa_Sain.mp3,http://santnenuram.org/Aashram/Bhajans/KodoSansar~zohaib/02_Kaljug_Main_Aa_Sain.mp3,Kodo Sansar,Dr. Neel Kanth
03_Kodho_Sansar_Aa.mp3,http://santnenuram.org/Aashram/Bhajans/KodoSansar~zohaib/03_Kodho_Sansar_Aa.mp3,Kodo Sansar,Dr. Neel Kanth
04_Jeth_Jo_Mahino_Ayo_Aa.mp3,http://santnenuram.org/Aashram/Bhajans/KodoSansar~zohaib/04_Jeth_Jo_Mahino_Ayo_Aa.mp3,Kodo Sansar,Dr. Neel Kanth
05_Sant_Sacha_NenuRam.mp3,http://santnenuram.org/Aashram/Bhajans/KodoSansar~zohaib/05_Sant_Sacha_NenuRam.mp3,Kodo Sansar,Dr. Neel Kanth
06_NenuRam_Tou_Darr_Diyan.mp3,http://santnenuram.org/Aashram/Bhajans/KodoSansar~zohaib/06_NenuRam_Tou_Darr_Diyan.mp3,Kodo Sansar,Dr. Neel Kanth
07_Chho_Tho_Umar_Winjahein.mp3,http://santnenuram.org/Aashram/Bhajans/KodoSansar~zohaib/07_Chho_Tho_Umar_Winjahein.mp3,Kodo Sansar,Dr. Neel Kanth
08_Sachan_Santan_Je_Dar.mp3,http://santnenuram.org/Aashram/Bhajans/KodoSansar~zohaib/08_Sachan_Santan_Je_Dar.mp3,Kodo Sansar,Dr. Neel Kanth
09_Mello_Bharyo_Barpur.mp3,http://santnenuram.org/Aashram/Bhajans/KodoSansar~zohaib/09_Mello_Bharyo_Barpur.mp3,Kodo Sansar,Dr. Neel Kanth
10_Be_Shukra_Shukar_Na.mp3,http://santnenuram.org/Aashram/Bhajans/KodoSansar~zohaib/10_Be_Shukra_Shukar_Na.mp3,Kodo Sansar,Dr. Neel Kanth
01~Main_ne_jab_jab_tujhe_pukara~DrGul.mp3,http://santnenuram.org/Aashram/Bhajans/JaiSantNenuRam/01~Main_ne_jab_jab_tujhe_pukara~DrGul.mp3,Jai Sant Nenu Ram,Dr. Neel Kanth
02~Jeevay_Sant_NenuRam~MuneshSharma.mp3,http://santnenuram.org/Aashram/Bhajans/JaiSantNenuRam/02~Jeevay_Sant_NenuRam~MuneshSharma.mp3,Jai Sant Nenu Ram,Dr. Neel Kanth
03~Sunder_Sunder_Duwaro_Tuhinjo~DrGul.mp3,http://santnenuram.org/Aashram/Bhajans/JaiSantNenuRam/03~Sunder_Sunder_Duwaro_Tuhinjo~DrGul.mp3,Jai Sant Nenu Ram,Dr. Neel Kanth
04~De_Sain_De~MuneshSharma.mp3,http://santnenuram.org/Aashram/Bhajans/JaiSantNenuRam/04~De_Sain_De~MuneshSharma.mp3,Jai Sant Nenu Ram,Dr. Neel Kanth
05~Aashram_Aahe_Aalishan~DrGul.mp3,http://santnenuram.org/Aashram/Bhajans/JaiSantNenuRam/05~Aashram_Aahe_Aalishan~DrGul.mp3,Jai Sant Nenu Ram,Dr. Neel Kanth
06~Maa_Bhagwan_Jo_Roop~MuneshSharma.mp3,http://santnenuram.org/Aashram/Bhajans/JaiSantNenuRam/06~Maa_Bhagwan_Jo_Roop~MuneshSharma.mp3,Jai Sant Nenu Ram,Dr. Neel Kanth
07~Har~Jaate_Je_Nazar~DrGul.mp3,http://santnenuram.org/Aashram/Bhajans/JaiSantNenuRam/07~Har~Jaate_Je_Nazar~DrGul.mp3,Jai Sant Nenu Ram,Dr. Neel Kanth
08~Laagi_Laagi_Lagan~MuneshSharma.mp3,http://santnenuram.org/Aashram/Bhajans/JaiSantNenuRam/08~Laagi_Laagi_Lagan~MuneshSharma.mp3,Jai Sant Nenu Ram,Dr. Neel Kanth
09~Dhuni_Saahib~DrGul.mp3,http://santnenuram.org/Aashram/Bhajans/JaiSantNenuRam/09~Dhuni_Saahib~DrGul.mp3,Jai Sant Nenu Ram,Dr. Neel Kanth
10~Verhijhap_Je_Sikadi~MuneshSharma.mp3,http://santnenuram.org/Aashram/Bhajans/JaiSantNenuRam/10~Verhijhap_Je_Sikadi~MuneshSharma.mp3,Jai Sant Nenu Ram,Dr. Neel Kanth
11~Suheni_Suheni_Sehaij~DrGul.mp3,http://santnenuram.org/Aashram/Bhajans/JaiSantNenuRam/11~Suheni_Suheni_Sehaij~DrGul.mp3,Jai Sant Nenu Ram,Dr. Neel Kanth
10_Muhinje Dehri Ware ~ EshwarLal ~ Daatar.mp3,http://santnenuram.org/Aashram/Bhajans/Daatar/10_Muhinje Dehri Ware ~ EshwarLal ~ Daatar.mp3,Daatar,Dr. Neel Kanth
11_Amar Aa Duniya Main ~ EshwarLal ~ Daatar.mp3,http://santnenuram.org/Aashram/Bhajans/Daatar/11_Amar Aa Duniya Main ~ EshwarLal ~ Daatar.mp3,Daatar,Dr. Neel Kanth
12_Jape Dis Jape ~DrGul ~ Daatar.mp3,http://santnenuram.org/Aashram/Bhajans/Daatar/12_Jape Dis Jape ~DrGul ~ Daatar.mp3,Daatar,Dr. Neel Kanth
13_Huje Khair Sada ~ EshwarLal ~ Daatar.mp3,http://santnenuram.org/Aashram/Bhajans/Daatar/13_Huje Khair Sada ~ EshwarLal ~ Daatar.mp3,Daatar,Dr. Neel Kanth
14_Hal Sant Je Duwar ~ EshwarLal ~ Daatar.mp3,http://santnenuram.org/Aashram/Bhajans/Daatar/14_Hal Sant Je Duwar ~ EshwarLal ~ Daatar.mp3,Daatar,Dr. Neel Kanth
15_Chandi Je Moorat ~ DrGul ~ Daatar.mp3,http://santnenuram.org/Aashram/Bhajans/Daatar/15_Chandi Je Moorat ~ DrGul ~ Daatar.mp3,Daatar,Dr. Neel Kanth
1_Melo Ayo NenuRam Jo ~ EshwarLal ~Daatar.mp3,http://santnenuram.org/Aashram/Bhajans/Daatar/1_Melo Ayo NenuRam Jo ~ EshwarLal ~Daatar.mp3,Daatar,Dr. Neel Kanth
2_Sant NenuRam Hazran ~ EshwarLal ~ Daatar.mp3,http://santnenuram.org/Aashram/Bhajans/Daatar/2_Sant NenuRam Hazran ~ EshwarLal ~ Daatar.mp3,Daatar,Dr. Neel Kanth
3_Sant NenuRam ~ DrGul ~ Daatar.mp3,http://santnenuram.org/Aashram/Bhajans/Daatar/3_Sant NenuRam ~ DrGul ~ Daatar.mp3,Daatar,Dr. Neel Kanth
4_Ayas Maan Tuhinje Duware ~ EshwarLal ~ Daatar.mp3,http://santnenuram.org/Aashram/Bhajans/Daatar/4_Ayas Maan Tuhinje Duware ~ EshwarLal ~ Daatar.mp3,Daatar,Dr. Neel Kanth
5_Jehnkhe Sant Saan Aa Piyar ~ EshwarLal ~ Daatar.mp3,http://santnenuram.org/Aashram/Bhajans/Daatar/5_Jehnkhe Sant Saan Aa Piyar ~ EshwarLal ~ Daatar.mp3,Daatar,Dr. Neel Kanth
6_Jehnje Dhooni Maan ~ DrGul ~ Daatar.mp3,http://santnenuram.org/Aashram/Bhajans/Daatar/6_Jehnje Dhooni Maan ~ DrGul ~ Daatar.mp3,Daatar,Dr. Neel Kanth
7_Moon Tuhinje Dar Aa ~ EshwarLal ~Daatar.mp3,http://santnenuram.org/Aashram/Bhajans/Daatar/7_Moon Tuhinje Dar Aa ~ EshwarLal ~Daatar.mp3,Daatar,Dr. Neel Kanth
8_Tuhinjha Ahiyon ~ EshwarLal ~ Daatar.mp3,http://santnenuram.org/Aashram/Bhajans/Daatar/8_Tuhinjha Ahiyon ~ EshwarLal ~ Daatar.mp3,Daatar,Dr. Neel Kanth
9_Godhri Wara Sant ~ DrGul ~ Daatar.mp3,http://santnenuram.org/Aashram/Bhajans/Daatar/9_Godhri Wara Sant ~ DrGul ~ Daatar.mp3,Daatar,Dr. Neel Kanth